meeting_id,meeting_date,start_time,end_time,cohost_id
899,2026-01-01,2026-08-28 13:05:00,2026-06-13 07:33:00,cohost_id_8093
146,2026-01-01,2026-05-14 12:20:00,2026-01-23 13:31:00,cohost_id_5603
766,2026-01-01,2026-07-04 22:18:00,2026-05-16 04:53:00,cohost_id_5321
530,2026-01-01,2026-06-10 22:57:00,2026-03-26 19:47:00,cohost_id_9049
783,2026-01-01,2026-03-20 02:54:00,2026-12-04 05:51:00,cohost_id_8208
55,2026-01-01,2026-04-07 13:03:00,2026-04-28 14:02:00,cohost_id_8704
267,2026-01-01,2026-03-26 07:29:00,2026-08-12 12:57:00,cohost_id_9108
42,2026-01-01,2026-08-15 20:45:00,2026-10-16 00:29:00,cohost_id_9077
116,2026-01-01,2026-03-17 12:22:00,2026-02-17 15:55:00,cohost_id_5654
185,2026-01-01,2026-03-29 08:32:00,2026-05-21 03:57:00,cohost_id_4479
598,2026-01-01,2026-01-04 01:49:00,2026-10-20 14:26:00,cohost_id_2258
253,2026-01-01,2026-09-14 06:06:00,2026-06-18 09:18:00,cohost_id_2998
404,2026-01-01,2026-07-12 03:59:00,2026-02-24 19:09:00,cohost_id_1473
84,2026-01-01,2026-08-25 07:42:00,2026-09-03 23:40:00,cohost_id_5412
609,2026-01-01,2026-12-03 09:21:00,2026-01-24 05:39:00,cohost_id_8423
333,2026-01-01,2026-10-19 13:13:00,2026-01-26 05:18:00,cohost_id_6294
818,2026-01-01,2026-01-30 08:04:00,2026-10-09 04:24:00,cohost_id_2516
409,2026-01-01,2026-05-11 14:15:00,2026-07-24 11:01:00,cohost_id_4411
167,2026-01-01,2026-07-18 21:18:00,2026-11-29 05:09:00,cohost_id_2975
306,2026-01-01,2026-09-09 22:47:00,2026-06-09 06:38:00,cohost_id_3151
368,2026-01-01,2026-12-07 12:53:00,2026-07-09 01:12:00,cohost_id_9021
457,2026-01-01,2026-07-19 00:17:00,2026-10-17 04:27:00,cohost_id_2478
775,2026-01-01,2026-08-05 20:39:00,2026-04-06 22:40:00,cohost_id_7979
96,2026-01-01,2026-01-22 01:21:00,2026-08-27 06:14:00,cohost_id_3540
954,2026-01-01,2026-09-12 01:40:00,2026-11-29 01:05:00,cohost_id_5762
480,2026-01-01,2026-08-12 11:58:00,2026-09-02 18:09:00,cohost_id_3093
701,2026-01-01,2026-06-03 16:33:00,2026-08-07 18:36:00,cohost_id_1781
565,2026-01-01,2026-02-09 10:32:00,2026-02-26 01:27:00,cohost_id_7766
97,2026-01-01,2026-08-27 06:46:00,2026-10-19 17:22:00,cohost_id_5175
600,2026-01-01,2026-02-12 01:01:00,2026-03-01 08:42:00,cohost_id_8583
184,2026-01-01,2026-04-04 21:02:00,2026-02-12 22:56:00,cohost_id_5876
322,2026-01-01,2026-10-29 08:29:00,2026-12-10 23:39:00,cohost_id_5342
350,2026-01-01,2026-04-06 15:11:00,2026-02-11 08:38:00,cohost_id_5248
893,2026-01-01,2026-12-11 12:27:00,2026-10-01 09:00:00,cohost_id_7470
120,2026-01-01,2026-01-07 14:41:00,2026-09-02 23:44:00,cohost_id_7637
890,2026-01-01,2026-12-04 08:38:00,2026-09-07 18:39:00,cohost_id_6910
708,2026-01-01,2026-12-12 07:43:00,2026-07-22 18:05:00,cohost_id_3049
139,2026-01-01,2026-01-08 15:07:00,2026-01-10 07:12:00,cohost_id_1439
215,2026-01-01,2026-09-05 05:09:00,2026-11-29 16:27:00,cohost_id_9824
196,2026-01-01,2026-02-14 18:49:00,2026-08-26 13:30:00,cohost_id_7912
23,2026-01-01,2026-03-01 14:57:00,2026-03-21 08:44:00,cohost_id_8295
987,2026-01-01,2026-09-07 00:01:00,2026-08-20 03:15:00,cohost_id_4298
302,2026-01-01,2026-10-19 21:03:00,2026-06-20 09:06:00,cohost_id_8074
426,2026-01-01,2026-09-12 08:37:00,2026-11-03 08:35:00,cohost_id_5764
38,2026-01-01,2026-09-07 21:31:00,2026-09-21 03:46:00,cohost_id_8993
238,2026-01-01,2027-01-01 10:33:00,2026-01-10 22:36:00,cohost_id_6174
567,2026-01-01,2026-02-02 17:57:00,2026-11-28 22:56:00,cohost_id_8755
120,2026-01-01,2026-09-12 04:41:00,2026-06-27 23:44:00,cohost_id_8147
22,2026-01-01,2026-03-24 18:46:00,2026-04-10 00:22:00,cohost_id_8178
238,2026-01-01,2026-09-17 16:37:00,2026-12-17 19:58:00,cohost_id_8675
135,2026-01-01,2026-06-01 08:45:00,2026-07-19 22:53:00,cohost_id_6902
816,2026-01-01,2026-08-30 14:39:00,2026-04-17 18:44:00,cohost_id_2412
684,2026-01-01,2026-09-05 13:11:00,2026-04-13 14:38:00,cohost_id_9063
104,2026-01-01,2026-08-02 00:19:00,2026-05-01 15:35:00,cohost_id_1770
19,2026-01-01,2026-07-03 17:22:00,2026-12-13 14:11:00,cohost_id_9248
33,2026-01-01,2026-02-02 19:27:00,2026-03-01 04:14:00,cohost_id_2977
576,2026-01-01,2026-04-26 00:16:00,2026-06-24 20:49:00,cohost_id_1764
789,2026-01-01,2026-10-13 17:57:00,2026-03-20 07:55:00,cohost_id_9444
619,2026-01-01,2026-12-09 12:45:00,2026-01-26 23:51:00,cohost_id_8489
986,2026-01-01,2026-02-26 12:50:00,2026-11-10 04:50:00,cohost_id_2669
844,2026-01-01,2026-10-15 10:32:00,2026-02-23 14:40:00,cohost_id_2934
892,2026-01-01,2026-04-16 20:10:00,2026-05-31 07:28:00,cohost_id_9288
511,2026-01-01,2026-02-20 13:41:00,2026-07-06 19:52:00,cohost_id_3257
126,2026-01-01,2026-04-14 23:26:00,2026-01-04 16:53:00,cohost_id_8760
350,2026-01-01,2026-05-28 01:10:00,2026-02-13 17:23:00,cohost_id_7799
370,2026-01-01,2026-11-20 06:15:00,2026-03-20 01:26:00,cohost_id_4738
142,2026-01-01,2026-08-08 22:58:00,2026-07-29 23:54:00,cohost_id_9456
814,2026-01-01,2026-12-16 20:01:00,2026-08-15 13:49:00,cohost_id_1162
735,2026-01-01,2026-09-22 11:05:00,2026-06-23 19:25:00,cohost_id_3692
445,2026-01-01,2026-02-01 21:48:00,2026-01-20 06:59:00,cohost_id_3473
925,2026-01-01,2026-10-22 10:40:00,2027-01-02 06:56:00,cohost_id_9516
997,2026-01-01,2026-06-01 22:25:00,2026-12-16 07:35:00,cohost_id_5986
739,2026-01-01,2026-06-10 20:00:00,2026-05-25 01:39:00,cohost_id_3406
718,2026-01-01,2026-07-26 23:41:00,2026-04-17 02:39:00,cohost_id_8244
715,2026-01-01,2026-06-27 05:25:00,2026-04-12 18:05:00,cohost_id_1605
551,2026-01-01,2026-06-21 21:46:00,2026-03-07 01:34:00,cohost_id_5651
219,2026-01-01,2026-02-18 01:35:00,2026-06-10 01:21:00,cohost_id_3621
24,2026-01-01,2026-01-16 02:37:00,2026-05-13 16:53:00,cohost_id_5979
744,2026-01-01,2026-08-06 01:07:00,2026-01-31 20:16:00,cohost_id_9314
363,2026-01-01,2026-03-05 10:48:00,2026-11-30 12:28:00,cohost_id_5881
587,2026-01-01,2026-01-03 23:21:00,2026-05-02 08:37:00,cohost_id_9737
865,2026-01-01,2026-11-01 16:22:00,2026-06-03 18:42:00,cohost_id_3293
732,2026-01-01,2026-07-14 01:47:00,2026-05-07 12:20:00,cohost_id_9461
597,2026-01-01,2026-04-09 20:29:00,2026-02-20 13:45:00,cohost_id_7974
849,2026-01-01,2026-07-30 11:05:00,2026-02-01 22:56:00,cohost_id_3130
488,2026-01-01,2026-04-20 23:04:00,2026-07-10 06:33:00,cohost_id_7598
603,2026-01-01,2026-10-15 01:49:00,2026-07-22 17:37:00,cohost_id_9172
652,2026-01-01,2026-08-05 23:44:00,2026-09-09 08:26:00,cohost_id_3668
148,2026-01-01,2026-09-16 13:31:00,2026-12-31 23:08:00,cohost_id_9408
884,2026-01-01,2026-09-28 12:44:00,2026-04-19 23:30:00,cohost_id_1534
765,2026-01-01,2026-03-23 02:23:00,2026-03-03 04:54:00,cohost_id_7694
113,2026-01-01,2026-03-03 20:36:00,2026-05-29 10:33:00,cohost_id_3511
121,2026-01-01,2026-07-10 18:23:00,2026-06-05 18:31:00,cohost_id_1458
811,2026-01-01,2026-03-15 13:50:00,2026-10-29 22:03:00,cohost_id_5999
911,2026-01-01,2026-05-26 15:11:00,2026-09-08 09:07:00,cohost_id_9970
358,2026-01-01,2026-02-04 10:26:00,2026-09-05 03:19:00,cohost_id_8411
922,2026-01-01,2026-06-22 21:30:00,2026-11-07 13:48:00,cohost_id_3269
517,2026-01-01,2026-11-22 23:48:00,2026-08-20 06:28:00,cohost_id_3440
888,2026-01-01,2026-06-16 11:51:00,2026-11-17 06:39:00,cohost_id_7711
397,2026-01-01,2026-04-30 21:21:00,2026-10-04 10:42:00,cohost_id_8259
