user_id,terms_and_conditions,terms_accepted_at,govt_id_path1,govt_id_path2,path1_updated_at,path2_updated_at,availability_days,availability_times,created_at,last_updated_at
user_id_4218,False,2026-04-30 06:36:00,govt_id_path1_7557,govt_id_path2_1314,2026-05-22 19:54:00,2026-04-20 08:49:00,{},{},2026-12-11 03:55:00,2026-04-05 07:22:00
user_id_3859,False,2026-10-14 07:14:00,govt_id_path1_6478,govt_id_path2_8482,2026-04-12 16:52:00,2026-09-19 12:57:00,{},{},2026-04-24 16:01:00,2026-09-04 16:17:00
user_id_6576,True,2026-11-20 06:13:00,govt_id_path1_1826,govt_id_path2_3962,2026-04-28 22:19:00,2026-02-21 14:09:00,{},{},2026-06-01 00:59:00,2026-05-10 09:40:00
user_id_9826,False,2026-04-09 07:52:00,govt_id_path1_8514,govt_id_path2_3576,2026-01-29 16:14:00,2026-06-27 10:20:00,{},{},2026-02-07 21:03:00,2026-03-06 16:52:00
user_id_3163,False,2026-02-19 09:31:00,govt_id_path1_2470,govt_id_path2_6990,2026-07-02 19:34:00,2026-09-13 10:51:00,{},{},2026-10-28 17:40:00,2026-12-24 10:17:00
user_id_3488,True,2026-11-29 06:43:00,govt_id_path1_5901,govt_id_path2_6585,2026-07-21 18:04:00,2026-02-11 03:39:00,{},{},2026-03-22 20:52:00,2026-07-10 11:08:00
user_id_6255,True,2026-09-19 10:31:00,govt_id_path1_9468,govt_id_path2_2234,2026-10-28 11:54:00,2026-05-09 08:56:00,{},{},2026-06-26 09:22:00,2026-04-26 08:44:00
user_id_6080,False,2026-02-06 04:45:00,govt_id_path1_8707,govt_id_path2_2803,2026-06-21 07:31:00,2026-06-10 20:31:00,{},{},2026-03-04 21:27:00,2026-04-29 14:32:00
user_id_3153,False,2026-07-29 16:01:00,govt_id_path1_8054,govt_id_path2_2971,2026-07-30 13:54:00,2026-02-09 06:42:00,{},{},2026-10-03 06:23:00,2026-08-10 16:20:00
user_id_3153,True,2026-01-01 23:27:00,govt_id_path1_2198,govt_id_path2_6122,2026-01-22 18:09:00,2026-01-29 19:38:00,{},{},2026-10-16 06:24:00,2026-09-14 20:42:00
user_id_7881,False,2026-08-24 11:19:00,govt_id_path1_4110,govt_id_path2_4535,2026-12-21 22:01:00,2026-09-16 10:47:00,{},{},2026-10-31 10:06:00,2026-01-23 11:58:00
user_id_5661,False,2026-02-19 10:46:00,govt_id_path1_4547,govt_id_path2_3437,2026-09-07 01:33:00,2026-09-15 02:06:00,{},{},2026-10-04 04:13:00,2026-01-20 17:51:00
user_id_7401,True,2026-07-17 16:35:00,govt_id_path1_9568,govt_id_path2_2865,2026-07-29 01:30:00,2026-12-30 02:46:00,{},{},2026-06-30 11:33:00,2026-12-17 20:59:00
user_id_7888,True,2026-06-30 05:02:00,govt_id_path1_7255,govt_id_path2_6473,2026-07-25 02:34:00,2026-03-24 21:30:00,{},{},2026-04-02 01:02:00,2026-01-08 00:09:00
user_id_8999,True,2026-01-02 08:40:00,govt_id_path1_2839,govt_id_path2_5757,2026-08-18 13:40:00,2026-04-09 23:13:00,{},{},2026-06-30 22:18:00,2026-01-10 23:33:00
user_id_4658,True,2026-10-01 16:03:00,govt_id_path1_7559,govt_id_path2_8265,2026-09-25 04:37:00,2026-11-19 03:23:00,{},{},2026-02-23 05:16:00,2026-06-27 18:38:00
user_id_9988,True,2026-07-30 23:57:00,govt_id_path1_2301,govt_id_path2_5263,2026-07-19 00:16:00,2026-10-16 10:27:00,{},{},2026-07-15 01:32:00,2026-08-02 23:23:00
user_id_2120,False,2026-09-09 12:05:00,govt_id_path1_7962,govt_id_path2_5986,2026-07-01 22:02:00,2026-06-30 06:38:00,{},{},2026-07-07 21:13:00,2026-06-05 16:59:00
user_id_2464,True,2026-11-18 05:28:00,govt_id_path1_4432,govt_id_path2_3401,2026-01-10 08:02:00,2026-03-10 20:33:00,{},{},2026-06-27 22:21:00,2026-04-20 16:49:00
user_id_8695,False,2026-09-04 16:01:00,govt_id_path1_4277,govt_id_path2_2628,2026-07-14 00:44:00,2026-10-14 00:06:00,{},{},2026-10-31 14:53:00,2026-08-01 12:23:00
user_id_5639,False,2026-12-11 13:00:00,govt_id_path1_2695,govt_id_path2_3352,2026-05-16 06:03:00,2026-03-12 20:52:00,{},{},2026-05-29 19:20:00,2026-01-14 06:03:00
user_id_6604,False,2026-10-30 10:32:00,govt_id_path1_1597,govt_id_path2_4420,2026-10-19 00:25:00,2026-11-20 23:15:00,{},{},2026-09-25 01:30:00,2026-03-11 18:24:00
user_id_2595,False,2026-04-20 09:12:00,govt_id_path1_5621,govt_id_path2_5075,2026-09-27 16:49:00,2026-12-10 10:01:00,{},{},2026-01-17 03:05:00,2026-05-30 16:20:00
user_id_3578,False,2026-11-13 16:01:00,govt_id_path1_9056,govt_id_path2_5554,2026-02-24 23:36:00,2026-10-18 05:26:00,{},{},2026-06-10 17:26:00,2026-07-18 13:32:00
user_id_9135,True,2026-07-03 12:33:00,govt_id_path1_7186,govt_id_path2_3568,2026-03-16 19:09:00,2026-08-20 19:40:00,{},{},2026-07-26 10:00:00,2026-03-26 13:15:00
user_id_1612,True,2026-04-25 18:02:00,govt_id_path1_7099,govt_id_path2_7262,2026-08-28 23:54:00,2026-02-22 14:23:00,{},{},2026-02-11 06:23:00,2026-09-24 03:47:00
user_id_1712,False,2026-02-23 01:54:00,govt_id_path1_3719,govt_id_path2_9304,2026-01-07 19:04:00,2026-07-31 21:27:00,{},{},2026-01-24 07:34:00,2026-02-28 14:13:00
user_id_3082,False,2026-09-28 02:18:00,govt_id_path1_5512,govt_id_path2_8961,2026-11-23 04:02:00,2026-10-27 02:24:00,{},{},2026-04-10 22:05:00,2026-06-17 13:30:00
user_id_7404,False,2026-10-10 18:19:00,govt_id_path1_5963,govt_id_path2_3544,2026-01-08 13:10:00,2026-05-14 07:35:00,{},{},2026-03-18 17:34:00,2026-10-06 21:12:00
user_id_2155,True,2026-08-25 16:29:00,govt_id_path1_2258,govt_id_path2_5918,2026-07-07 10:14:00,2026-02-07 12:58:00,{},{},2026-09-30 10:44:00,2026-03-20 21:43:00
user_id_7236,True,2026-05-15 12:38:00,govt_id_path1_5072,govt_id_path2_7697,2026-01-04 21:05:00,2026-01-13 17:29:00,{},{},2026-02-18 01:36:00,2026-03-05 12:52:00
user_id_3051,False,2026-07-14 06:43:00,govt_id_path1_3343,govt_id_path2_5977,2026-09-06 22:35:00,2026-10-11 06:49:00,{},{},2026-04-19 18:04:00,2026-01-24 16:16:00
user_id_2286,False,2026-02-17 15:48:00,govt_id_path1_2142,govt_id_path2_9448,2026-02-23 12:54:00,2026-10-16 05:06:00,{},{},2026-06-09 09:21:00,2026-02-14 07:45:00
user_id_4792,True,2026-06-12 05:07:00,govt_id_path1_8289,govt_id_path2_1036,2026-06-08 18:28:00,2026-01-21 01:23:00,{},{},2026-08-01 09:36:00,2026-05-21 10:51:00
user_id_7330,False,2026-02-21 18:42:00,govt_id_path1_9246,govt_id_path2_8516,2026-09-27 15:04:00,2026-01-12 15:06:00,{},{},2026-05-15 20:48:00,2026-07-19 17:20:00
user_id_8762,True,2026-03-20 23:20:00,govt_id_path1_8739,govt_id_path2_5403,2026-01-28 23:46:00,2026-05-18 09:14:00,{},{},2026-04-20 23:16:00,2026-05-14 04:40:00
user_id_9605,False,2026-01-03 04:14:00,govt_id_path1_5045,govt_id_path2_2745,2026-12-29 16:25:00,2026-11-11 18:05:00,{},{},2026-04-07 05:25:00,2026-06-03 11:00:00
user_id_7312,True,2026-04-25 14:27:00,govt_id_path1_8387,govt_id_path2_6744,2026-04-30 11:44:00,2026-11-28 02:02:00,{},{},2026-06-29 00:59:00,2026-07-23 16:05:00
user_id_1593,True,2026-01-15 02:38:00,govt_id_path1_7652,govt_id_path2_6444,2026-06-01 22:50:00,2026-02-18 14:20:00,{},{},2026-04-26 21:02:00,2026-07-18 18:01:00
user_id_2006,False,2026-08-14 18:33:00,govt_id_path1_7553,govt_id_path2_8600,2026-11-03 18:56:00,2026-10-15 21:49:00,{},{},2026-11-23 05:37:00,2026-09-24 03:17:00
user_id_9335,False,2026-09-22 11:29:00,govt_id_path1_1198,govt_id_path2_5037,2026-07-27 12:01:00,2026-01-28 23:51:00,{},{},2026-08-28 09:48:00,2026-02-06 23:31:00
user_id_4635,False,2026-06-11 03:58:00,govt_id_path1_6078,govt_id_path2_4232,2026-04-14 10:28:00,2026-09-28 12:07:00,{},{},2026-02-07 23:06:00,2026-10-22 07:48:00
user_id_7932,True,2026-01-19 17:39:00,govt_id_path1_1387,govt_id_path2_3788,2026-02-17 17:18:00,2026-05-31 11:51:00,{},{},2026-07-02 19:54:00,2026-10-31 22:28:00
user_id_5576,True,2026-04-29 16:42:00,govt_id_path1_9503,govt_id_path2_5964,2026-12-07 03:46:00,2026-07-29 07:59:00,{},{},2026-06-25 20:10:00,2026-04-29 03:06:00
user_id_8865,True,2026-04-20 08:14:00,govt_id_path1_6901,govt_id_path2_4994,2026-01-01 10:19:00,2026-11-14 07:51:00,{},{},2026-10-28 03:11:00,2026-07-17 05:25:00
user_id_6701,True,2026-07-18 07:07:00,govt_id_path1_8825,govt_id_path2_8477,2026-05-01 12:29:00,2026-04-22 03:55:00,{},{},2026-06-05 22:44:00,2026-03-21 17:32:00
user_id_9115,True,2026-04-12 08:51:00,govt_id_path1_6717,govt_id_path2_9618,2026-07-12 19:42:00,2026-05-06 04:09:00,{},{},2026-09-04 06:51:00,2026-07-19 02:29:00
user_id_2515,False,2026-12-26 11:59:00,govt_id_path1_4955,govt_id_path2_5480,2026-10-23 15:50:00,2026-03-06 00:58:00,{},{},2026-11-08 21:28:00,2026-01-18 22:00:00
user_id_6984,False,2026-10-15 05:06:00,govt_id_path1_8826,govt_id_path2_4751,2026-06-13 23:38:00,2026-03-06 12:56:00,{},{},2026-03-04 21:08:00,2026-06-23 09:25:00
user_id_4079,False,2026-05-15 21:19:00,govt_id_path1_7564,govt_id_path2_4418,2026-11-01 02:44:00,2026-11-02 23:00:00,{},{},2026-02-22 18:42:00,2026-11-19 05:20:00
user_id_6908,False,2026-01-03 16:38:00,govt_id_path1_4888,govt_id_path2_5104,2026-12-05 13:30:00,2026-12-23 12:46:00,{},{},2026-10-04 21:25:00,2026-10-26 13:23:00
user_id_6278,True,2026-11-07 05:03:00,govt_id_path1_6394,govt_id_path2_1390,2026-11-15 14:24:00,2026-01-28 09:03:00,{},{},2026-12-08 11:50:00,2026-02-27 06:49:00
user_id_1907,True,2026-06-17 22:04:00,govt_id_path1_7803,govt_id_path2_2153,2026-10-27 23:12:00,2026-10-15 17:50:00,{},{},2026-05-11 08:39:00,2026-11-18 01:05:00
user_id_3282,True,2026-04-29 09:03:00,govt_id_path1_9388,govt_id_path2_3292,2026-12-02 15:33:00,2026-06-06 06:24:00,{},{},2026-10-22 04:03:00,2026-12-16 06:56:00
user_id_7633,False,2026-03-07 15:43:00,govt_id_path1_4572,govt_id_path2_2205,2026-02-01 17:42:00,2026-05-16 01:07:00,{},{},2026-09-11 06:56:00,2026-08-28 05:15:00
user_id_7761,False,2026-06-13 08:26:00,govt_id_path1_2150,govt_id_path2_3269,2026-03-06 11:49:00,2026-09-30 02:08:00,{},{},2026-03-13 09:26:00,2026-04-20 11:33:00
user_id_7514,False,2026-03-05 00:24:00,govt_id_path1_2034,govt_id_path2_4659,2026-01-15 13:12:00,2026-07-31 17:48:00,{},{},2026-03-02 07:40:00,2026-08-13 04:15:00
user_id_7939,True,2026-06-13 05:39:00,govt_id_path1_2083,govt_id_path2_7780,2026-08-25 22:17:00,2026-01-08 16:09:00,{},{},2026-04-27 03:42:00,2026-02-05 07:36:00
user_id_4737,True,2026-06-25 13:50:00,govt_id_path1_9743,govt_id_path2_3444,2026-11-22 21:51:00,2026-08-21 12:11:00,{},{},2026-07-15 04:15:00,2026-08-26 03:16:00
user_id_6257,True,2026-04-06 19:11:00,govt_id_path1_7790,govt_id_path2_5214,2026-05-13 18:43:00,2026-09-24 17:48:00,{},{},2026-05-09 08:40:00,2026-08-09 07:46:00
user_id_9882,False,2026-09-17 12:55:00,govt_id_path1_2902,govt_id_path2_2218,2026-06-08 16:14:00,2026-01-24 22:16:00,{},{},2026-01-14 04:45:00,2026-09-24 09:20:00
user_id_9186,False,2026-02-13 19:20:00,govt_id_path1_6697,govt_id_path2_1914,2026-11-24 21:44:00,2026-03-28 00:33:00,{},{},2026-09-04 04:03:00,2026-03-29 20:36:00
user_id_2605,True,2026-01-10 07:46:00,govt_id_path1_5365,govt_id_path2_7392,2026-05-01 23:10:00,2026-03-01 22:11:00,{},{},2026-07-23 21:46:00,2026-01-12 15:09:00
user_id_4117,False,2026-09-18 18:04:00,govt_id_path1_9768,govt_id_path2_1109,2026-04-01 04:20:00,2026-06-27 06:39:00,{},{},2026-10-30 03:31:00,2026-08-28 16:46:00
user_id_8460,True,2026-11-05 20:31:00,govt_id_path1_6174,govt_id_path2_6673,2026-02-05 03:41:00,2026-03-16 17:46:00,{},{},2026-08-20 17:43:00,2026-02-13 11:04:00
user_id_8855,True,2026-07-20 23:00:00,govt_id_path1_4578,govt_id_path2_9645,2026-08-06 13:22:00,2026-07-22 05:29:00,{},{},2026-08-09 12:06:00,2026-03-24 20:35:00
user_id_5778,True,2026-04-16 15:01:00,govt_id_path1_1236,govt_id_path2_9897,2026-01-22 20:25:00,2026-05-08 10:47:00,{},{},2026-09-19 07:09:00,2026-10-23 14:40:00
user_id_5140,True,2026-09-19 23:14:00,govt_id_path1_3806,govt_id_path2_2812,2026-01-22 00:43:00,2026-09-26 01:12:00,{},{},2026-02-12 14:40:00,2026-08-14 16:45:00
user_id_7992,False,2026-05-30 02:22:00,govt_id_path1_3446,govt_id_path2_4012,2026-01-03 00:08:00,2026-01-04 11:39:00,{},{},2026-08-18 09:35:00,2026-06-01 13:34:00
user_id_8699,False,2026-12-11 11:27:00,govt_id_path1_3624,govt_id_path2_9029,2026-11-11 07:27:00,2026-04-19 05:25:00,{},{},2026-06-17 11:10:00,2026-11-17 08:46:00
user_id_6361,False,2026-06-19 11:43:00,govt_id_path1_1319,govt_id_path2_1300,2026-07-06 11:02:00,2026-09-20 12:39:00,{},{},2026-06-06 07:34:00,2026-05-13 07:08:00
user_id_3110,False,2026-03-30 15:44:00,govt_id_path1_1780,govt_id_path2_1210,2026-04-18 22:00:00,2026-08-20 13:08:00,{},{},2026-05-04 19:02:00,2026-03-21 08:41:00
user_id_9666,True,2026-01-03 07:57:00,govt_id_path1_4119,govt_id_path2_5451,2026-12-16 13:56:00,2026-11-24 17:12:00,{},{},2026-08-22 19:51:00,2026-04-16 03:07:00
user_id_8122,True,2026-10-14 09:55:00,govt_id_path1_2832,govt_id_path2_7808,2026-12-30 21:14:00,2026-03-05 22:53:00,{},{},2026-08-08 04:24:00,2026-10-14 00:46:00
user_id_6006,True,2026-05-08 15:54:00,govt_id_path1_1023,govt_id_path2_5165,2026-07-11 17:58:00,2026-05-10 11:01:00,{},{},2026-07-19 12:27:00,2026-07-20 17:37:00
user_id_8607,True,2026-01-17 06:34:00,govt_id_path1_5708,govt_id_path2_5753,2026-06-20 02:01:00,2026-02-21 19:46:00,{},{},2026-12-02 12:31:00,2026-07-28 18:09:00
user_id_7764,True,2026-09-22 09:37:00,govt_id_path1_3123,govt_id_path2_5845,2026-02-19 12:22:00,2026-01-04 19:52:00,{},{},2026-01-11 05:39:00,2026-07-29 04:36:00
user_id_7810,True,2026-04-10 12:21:00,govt_id_path1_3661,govt_id_path2_6429,2026-07-10 14:44:00,2026-05-07 07:10:00,{},{},2026-03-11 06:50:00,2026-10-10 10:20:00
user_id_9244,True,2026-08-23 05:28:00,govt_id_path1_5983,govt_id_path2_4850,2026-06-29 17:47:00,2026-01-31 07:54:00,{},{},2027-01-01 18:31:00,2026-07-27 14:21:00
user_id_4251,False,2026-01-24 12:05:00,govt_id_path1_2897,govt_id_path2_6400,2026-03-23 19:20:00,2026-09-18 06:27:00,{},{},2026-04-03 23:28:00,2026-12-28 02:35:00
user_id_9819,True,2026-07-25 10:14:00,govt_id_path1_2350,govt_id_path2_8293,2026-05-23 02:37:00,2026-01-10 16:01:00,{},{},2026-05-11 20:51:00,2026-10-02 01:00:00
user_id_8715,True,2026-10-06 22:04:00,govt_id_path1_6070,govt_id_path2_3150,2026-04-03 04:57:00,2026-04-23 20:44:00,{},{},2026-06-19 07:49:00,2026-06-02 06:46:00
user_id_6971,True,2026-01-24 19:47:00,govt_id_path1_6777,govt_id_path2_7664,2026-08-15 19:28:00,2026-09-12 04:38:00,{},{},2026-02-15 12:43:00,2026-04-07 23:37:00
user_id_9982,True,2026-01-11 07:19:00,govt_id_path1_6428,govt_id_path2_8663,2026-07-30 13:28:00,2026-05-09 19:49:00,{},{},2026-12-16 12:05:00,2026-07-19 09:35:00
user_id_6843,False,2026-01-20 12:56:00,govt_id_path1_6711,govt_id_path2_3750,2026-04-03 12:49:00,2026-04-16 15:24:00,{},{},2026-12-31 01:38:00,2026-07-12 10:00:00
user_id_9421,True,2026-05-20 23:27:00,govt_id_path1_2152,govt_id_path2_3128,2026-12-11 01:40:00,2026-10-24 01:37:00,{},{},2026-11-14 08:14:00,2026-01-05 06:58:00
user_id_9123,False,2026-07-19 12:47:00,govt_id_path1_2914,govt_id_path2_5037,2026-10-21 04:48:00,2026-11-25 00:36:00,{},{},2026-11-01 13:29:00,2026-02-24 05:58:00
user_id_6379,False,2026-01-25 16:13:00,govt_id_path1_9533,govt_id_path2_8958,2026-10-05 01:43:00,2026-06-30 13:32:00,{},{},2026-07-08 08:41:00,2026-10-16 04:32:00
user_id_7497,True,2026-10-07 17:49:00,govt_id_path1_4847,govt_id_path2_8658,2026-07-23 07:15:00,2026-01-28 07:58:00,{},{},2026-10-19 09:41:00,2026-01-04 00:15:00
user_id_9133,False,2026-11-13 03:39:00,govt_id_path1_5869,govt_id_path2_5533,2026-06-10 23:43:00,2026-11-26 06:16:00,{},{},2026-06-08 17:07:00,2026-01-23 23:25:00
user_id_3791,False,2026-03-11 21:40:00,govt_id_path1_6625,govt_id_path2_5666,2026-12-01 16:19:00,2026-08-20 20:36:00,{},{},2026-02-26 07:25:00,2026-01-17 08:16:00
user_id_5087,False,2026-10-25 05:58:00,govt_id_path1_9444,govt_id_path2_4429,2026-11-10 01:21:00,2026-11-18 05:45:00,{},{},2026-10-19 08:03:00,2026-08-26 04:45:00
user_id_8031,False,2026-09-17 19:28:00,govt_id_path1_9312,govt_id_path2_4653,2026-12-12 00:21:00,2026-08-03 06:51:00,{},{},2026-10-10 11:24:00,2026-09-03 01:19:00
user_id_4573,False,2026-12-13 10:31:00,govt_id_path1_4449,govt_id_path2_1930,2026-08-16 05:42:00,2026-02-21 06:53:00,{},{},2026-08-27 23:24:00,2026-02-19 06:40:00
user_id_4167,False,2026-12-03 09:41:00,govt_id_path1_1042,govt_id_path2_9059,2026-09-19 02:13:00,2026-07-19 03:10:00,{},{},2026-03-18 15:12:00,2027-01-01 01:20:00
user_id_5628,True,2026-05-01 15:26:00,govt_id_path1_6571,govt_id_path2_3128,2026-10-11 19:43:00,2026-01-24 08:11:00,{},{},2026-04-25 11:48:00,2026-03-13 06:51:00
user_id_7432,False,2026-04-11 14:29:00,govt_id_path1_4897,govt_id_path2_6137,2026-12-23 06:45:00,2026-06-19 12:18:00,{},{},2026-11-16 23:09:00,2026-05-16 04:44:00
user_id_1878,True,2026-03-13 13:15:00,govt_id_path1_5388,govt_id_path2_8898,2026-09-07 11:18:00,2026-08-07 04:21:00,{},{},2026-01-19 03:15:00,2026-12-30 20:20:00
user_id_7031,False,2026-12-22 23:02:00,govt_id_path1_3437,govt_id_path2_1602,2026-01-21 22:07:00,2026-08-29 17:04:00,{},{},2026-04-10 22:19:00,2026-05-16 20:36:00
user_id_5490,False,2026-07-20 12:49:00,govt_id_path1_3623,govt_id_path2_2765,2026-10-11 03:15:00,2026-12-07 04:05:00,{},{},2026-11-22 13:30:00,2026-12-14 08:48:00
