beneficiary_id,registration_date,country
B001,2025-06-17 20:23:05.525850,Bangladesh
B002,2025-09-02 20:23:05.525850,India
B003,2025-05-26 20:23:05.525850,Sri Lanka
B004,2024-12-10 20:23:05.525850,Sri Lanka
B005,2025-06-16 20:23:05.525850,Bangladesh
B006,2025-05-07 20:23:05.525850,Nepal
B007,2025-07-16 20:23:05.525850,Bangladesh
B008,2025-02-08 20:23:05.525850,Sri Lanka
B009,2025-02-08 20:23:05.525850,Nepal
B010,2025-02-09 20:23:05.525850,India
B011,2025-09-05 20:23:05.525850,Sri Lanka
B012,2025-02-05 20:23:05.525850,Sri Lanka
B013,2025-06-20 20:23:05.525850,Bangladesh
B014,2024-12-27 20:23:05.525850,Nepal
B015,2025-09-27 20:23:05.525850,India
B016,2025-05-30 20:23:05.525850,Sri Lanka
B017,2024-12-20 20:23:05.525850,Sri Lanka
B018,2025-05-28 20:23:05.525850,India
B019,2025-08-27 20:23:05.525850,Sri Lanka
B020,2025-08-14 20:23:05.525850,Nepal
B021,2025-04-17 20:23:05.525850,Sri Lanka
B022,2025-04-17 20:23:05.525850,India
B023,2025-03-30 20:23:05.525850,India
B024,2025-01-03 20:23:05.525850,Bangladesh
B025,2025-04-19 20:23:05.525850,Nepal
B026,2025-09-14 20:23:05.525850,Sri Lanka
B027,2025-02-05 20:23:05.525850,Sri Lanka
B028,2025-01-13 20:23:05.525850,Nepal
B029,2024-12-06 20:23:05.525850,India
B030,2025-08-17 20:23:05.525850,India
B031,2025-04-03 20:23:05.525850,Nepal
B032,2025-05-01 20:23:05.525850,Nepal
B033,2025-08-09 20:23:05.525850,Bangladesh
B034,2024-12-17 20:23:05.525850,Sri Lanka
B035,2025-02-07 20:23:05.525850,India
B036,2025-09-28 20:23:05.525850,India
B037,2025-08-12 20:23:05.525850,Nepal
B038,2025-02-21 20:23:05.525850,Sri Lanka
B039,2025-08-06 20:23:05.525850,Bangladesh
B040,2025-05-07 20:23:05.525850,Nepal
B041,2025-07-30 20:23:05.525850,Sri Lanka
B042,2024-12-10 20:23:05.525850,Nepal
B043,2024-12-22 20:23:05.525850,Nepal
B044,2025-02-04 20:23:05.525850,Sri Lanka
B045,2024-10-24 20:23:05.525850,Nepal
B046,2025-02-20 20:23:05.525850,India
B047,2025-04-16 20:23:05.525850,Nepal
B048,2024-11-11 20:23:05.525850,India
B049,2025-03-22 20:23:05.525850,Nepal
B050,2024-11-03 20:23:05.525850,India
B051,2024-12-20 20:23:05.525850,Sri Lanka
B052,2025-06-08 20:23:05.525850,Bangladesh
B053,2025-09-25 20:23:05.525850,Sri Lanka
B054,2025-07-26 20:23:05.525850,Sri Lanka
B055,2025-08-07 20:23:05.525850,Bangladesh
B056,2025-10-05 20:23:05.525850,India
B057,2025-07-16 20:23:05.525850,India
B058,2025-03-10 20:23:05.525850,Nepal
B059,2025-03-21 20:23:05.525850,Bangladesh
B060,2025-03-24 20:23:05.525850,Bangladesh
B061,2025-03-25 20:23:05.525850,Sri Lanka
B062,2025-09-20 20:23:05.525850,Bangladesh
B063,2025-01-29 20:23:05.525850,Bangladesh
B064,2025-01-07 20:23:05.525850,Nepal
B065,2024-11-16 20:23:05.525850,Sri Lanka
B066,2025-01-25 20:23:05.525850,Sri Lanka
B067,2025-05-14 20:23:05.525850,Bangladesh
B068,2025-02-28 20:23:05.525850,Nepal
B069,2025-01-15 20:23:05.525850,Nepal
B070,2024-11-09 20:23:05.525850,Nepal
B071,2024-12-13 20:23:05.525850,Sri Lanka
B072,2025-07-15 20:23:05.525850,Bangladesh
B073,2025-06-01 20:23:05.525850,Nepal
B074,2025-06-28 20:23:05.525850,Nepal
B075,2025-05-27 20:23:05.525850,Bangladesh
B076,2024-11-02 20:23:05.525850,Sri Lanka
B077,2025-05-12 20:23:05.525850,Sri Lanka
B078,2025-04-26 20:23:05.525850,Nepal
B079,2025-05-27 20:23:05.525850,India
B080,2025-01-01 20:23:05.525850,Sri Lanka
B081,2025-04-02 20:23:05.525850,Nepal
B082,2025-08-08 20:23:05.525850,Nepal
B083,2025-09-30 20:23:05.525850,Nepal
B084,2024-10-21 20:23:05.525850,India
B085,2025-04-27 20:23:05.525850,Sri Lanka
B086,2024-11-20 20:23:05.525850,Nepal
B087,2025-02-18 20:23:05.525850,Bangladesh
B088,2025-07-10 20:23:05.525850,Nepal
B089,2025-01-07 20:23:05.525850,Nepal
B090,2025-08-12 20:23:05.525850,India
B091,2024-12-10 20:23:05.525850,Bangladesh
B092,2025-06-19 20:23:05.525850,India
B093,2024-11-13 20:23:05.525850,Bangladesh
B094,2024-11-29 20:23:05.525850,Bangladesh
B095,2025-09-25 20:23:05.525850,India
B096,2025-03-24 20:23:05.525850,Nepal
B097,2025-02-22 20:23:05.525850,India
B098,2024-11-07 20:23:05.525850,Bangladesh
B099,2025-10-19 20:23:05.525850,Bangladesh
B100,2025-03-27 20:23:05.525850,Sri Lanka
B101,2025-02-19 20:23:05.525850,Bangladesh
B102,2025-05-27 20:23:05.525850,Nepal
B103,2025-05-28 20:23:05.525850,India
B104,2025-09-06 20:23:05.525850,Bangladesh
B105,2025-01-21 20:23:05.525850,India
B106,2025-07-24 20:23:05.525850,Sri Lanka
B107,2025-07-23 20:23:05.525850,India
B108,2025-04-01 20:23:05.525850,Sri Lanka
B109,2025-07-18 20:23:05.525850,Nepal
B110,2025-10-02 20:23:05.525850,India
B111,2025-05-22 20:23:05.525850,India
B112,2025-05-03 20:23:05.525850,Nepal
B113,2025-03-03 20:23:05.525850,Sri Lanka
B114,2025-08-14 20:23:05.525850,Sri Lanka
B115,2025-06-04 20:23:05.525850,Bangladesh
B116,2025-08-25 20:23:05.525850,Nepal
B117,2025-07-30 20:23:05.525850,Sri Lanka
B118,2024-11-24 20:23:05.525850,Nepal
B119,2025-07-18 20:23:05.525850,India
B120,2025-05-02 20:23:05.525850,Nepal
B121,2025-01-04 20:23:05.525850,Bangladesh
B122,2025-07-24 20:23:05.525850,Sri Lanka
B123,2025-03-17 20:23:05.525850,Nepal
B124,2025-09-07 20:23:05.525850,Sri Lanka
B125,2024-11-13 20:23:05.525850,India
B126,2025-07-19 20:23:05.525850,Bangladesh
B127,2025-02-19 20:23:05.525850,Nepal
B128,2025-06-16 20:23:05.525850,India
B129,2025-06-10 20:23:05.525850,Sri Lanka
B130,2025-06-23 20:23:05.525850,Sri Lanka
B131,2025-06-07 20:23:05.525850,Nepal
B132,2025-05-20 20:23:05.525850,India
B133,2025-06-10 20:23:05.525850,Nepal
B134,2024-11-01 20:23:05.525850,Bangladesh
B135,2025-09-20 20:23:05.525850,India
B136,2025-02-25 20:23:05.525850,Nepal
B137,2025-08-01 20:23:05.525850,Sri Lanka
B138,2024-11-04 20:23:05.525850,Nepal
B139,2024-11-02 20:23:05.525850,India
B140,2024-11-28 20:23:05.525850,Nepal
B141,2025-04-16 20:23:05.525850,Bangladesh
B142,2025-07-01 20:23:05.525850,Bangladesh
B143,2025-02-19 20:23:05.525850,Bangladesh
B144,2025-03-03 20:23:05.525850,Nepal
B145,2025-03-23 20:23:05.525850,Sri Lanka
B146,2025-01-19 20:23:05.525850,Bangladesh
B147,2025-06-17 20:23:05.525850,India
B148,2025-01-25 20:23:05.525850,Sri Lanka
B149,2025-01-24 20:23:05.525850,Nepal
B150,2025-09-12 20:23:05.525850,India
B151,2025-09-20 20:23:05.525850,Bangladesh
B152,2025-01-01 20:23:05.525850,Bangladesh
B153,2025-07-29 20:23:05.525850,Nepal
B154,2025-01-28 20:23:05.525850,Sri Lanka
B155,2025-08-23 20:23:05.525850,Bangladesh
B156,2024-12-27 20:23:05.525850,Sri Lanka
B157,2025-09-05 20:23:05.525850,Sri Lanka
B158,2025-09-23 20:23:05.525850,Sri Lanka
B159,2025-08-15 20:23:05.525850,Sri Lanka
B160,2025-03-02 20:23:05.525850,India
B161,2025-01-08 20:23:05.525850,Sri Lanka
B162,2024-11-11 20:23:05.525850,Nepal
B163,2025-10-10 20:23:05.525850,Sri Lanka
B164,2025-06-13 20:23:05.525850,India
B165,2025-07-02 20:23:05.525850,India
B166,2025-09-28 20:23:05.525850,Sri Lanka
B167,2025-04-28 20:23:05.525850,India
B168,2025-01-17 20:23:05.525850,India
B169,2025-09-16 20:23:05.525850,Sri Lanka
B170,2025-10-05 20:23:05.525850,Nepal
B171,2025-03-26 20:23:05.525850,Bangladesh
B172,2025-08-13 20:23:05.525850,Sri Lanka
B173,2025-04-13 20:23:05.525850,Sri Lanka
B174,2025-03-06 20:23:05.525850,Sri Lanka
B175,2025-04-12 20:23:05.525850,India
B176,2024-11-06 20:23:05.525850,Bangladesh
B177,2024-11-21 20:23:05.525850,Nepal
B178,2025-08-22 20:23:05.525850,Bangladesh
B179,2025-01-19 20:23:05.525850,Sri Lanka
B180,2025-01-24 20:23:05.525850,Bangladesh
B181,2025-06-29 20:23:05.525850,India
B182,2025-10-10 20:23:05.525850,Nepal
B183,2025-02-26 20:23:05.525850,Sri Lanka
B184,2025-01-22 20:23:05.525850,Sri Lanka
B185,2025-06-26 20:23:05.525850,Bangladesh
B186,2025-02-28 20:23:05.525850,Nepal
B187,2025-08-03 20:23:05.525850,Nepal
B188,2025-07-17 20:23:05.525850,India
B189,2025-10-05 20:23:05.525850,Sri Lanka
B190,2024-12-11 20:23:05.525850,India
B191,2025-06-20 20:23:05.525850,Bangladesh
B192,2025-09-17 20:23:05.525850,India
B193,2024-12-21 20:23:05.525850,India
B194,2025-03-07 20:23:05.525850,India
B195,2025-06-18 20:23:05.525850,India
B196,2025-03-30 20:23:05.525850,Sri Lanka
B197,2025-06-24 20:23:05.525850,Bangladesh
B198,2025-09-23 20:23:05.525850,Bangladesh
B199,2025-02-06 20:23:05.525850,Nepal
B200,2025-06-24 20:23:05.525850,Nepal
