city_id,state_id,city_name,lattitude,longitude,last_update_date
1,178.7,East Wesley,45.530805,-118.336786,2025-07-24 15:14:23
2,62.31,Port Penny,46.640709,-87.244872,2024-04-04 01:28:15
3,232.131,South Stevenland,31.621155,-68.812208,2025-12-07 09:05:32
4,126.4,Port Davidtown,40.90645,-87.422845,2024-02-03 04:15:49
5,113.28,Baileystad,43.88307,-110.116573,2024-07-14 14:46:57
6,74.13,Port Scott,29.924934,-76.700383,2024-11-17 19:23:11
7,82.15,Geraldport,30.182832,-74.427361,2025-05-25 09:35:16
8,149.1,Lake Lisabury,43.92745,-90.029047,2025-03-06 17:33:19
9,147.1,Port Heather,48.700655,-93.207719,2024-09-28 01:43:27
10,131.1,West David,40.865383,-122.530531,2024-01-24 02:01:59
11,223.4,North Roger,43.959632,-110.437898,2025-05-17 23:04:30
12,104.8,North Andrewfort,29.181909,-121.013256,2025-10-15 22:32:49
13,56.2,Williamsville,27.727583,-120.377192,2025-11-27 08:54:40
14,22.5,Port Donnashire,37.317711,-117.783921,2026-02-21 16:28:04
15,174.86,South Davidview,47.689975,-121.528193,2026-03-21 01:06:37
16,201.4,North Kevintown,35.993021,-69.050508,2024-04-04 11:44:07
17,35.57,Port Davidborough,45.335165,-99.702404,2024-06-16 17:06:31
18,40.6,East Ellen,42.097632,-98.716947,2024-05-05 12:05:14
19,208.1,North Dustinview,39.599138,-120.256113,2025-03-03 05:20:22
20,81.8,Michaelhaven,38.160554,-105.46443,2026-04-04 04:35:33
21,201.180,New Ashley,35.88917,-89.490673,2024-06-03 01:38:27
22,132.15,Port Belindatown,45.467026,-86.89775,2024-11-30 00:38:27
23,233.55,Lake James,35.837318,-110.975866,2025-06-10 12:17:11
24,25.7,Georgeside,34.569524,-82.412087,2025-04-30 12:38:49
25,233.30,Lake Coreyborough,32.500566,-109.471282,2024-08-25 02:47:29
26,35.22,Richardsonshire,26.611199,-76.589002,2024-05-24 19:52:12
27,233.8,South Emily,27.317546,-81.888628,2024-07-21 03:03:20
28,67.9,East Maryfurt,26.439543,-69.472396,2025-05-27 02:05:34
29,135.24,Lewisbury,34.859407,-74.20438,2025-10-19 00:13:43
30,113.34,Rodriguezmouth,48.241567,-89.776625,2025-06-30 06:19:12
31,129.47,South Danielberg,38.870044,-111.873888,2026-01-19 01:19:25
32,176.16,Farmerport,45.334596,-104.043502,2025-07-24 23:40:09
33,132.4,North Markville,43.302535,-91.2763,2025-10-28 14:28:12
34,7.14,Campbellport,48.389118,-77.349669,2024-02-10 18:48:49
35,98.13,Perezchester,47.298023,-76.720735,2025-02-19 11:10:26
36,107.60,Tracichester,29.329986,-83.94617,2025-04-24 23:47:02
37,216.20,Port Chad,33.424562,-113.659883,2024-08-10 12:48:09
38,74.9,Crosbystad,40.776271,-120.033631,2024-02-17 14:58:46
39,126.40,North Yolanda,42.906682,-111.737426,2025-10-14 04:29:23
40,25.8,Powersfurt,33.181504,-102.906974,2025-05-18 21:52:14
41,75.106,Millsland,39.309371,-73.649495,2024-08-29 16:26:21
42,149.83,East Ralphshire,43.106461,-121.163538,2024-05-06 17:34:47
43,195.4,Lake Saraburgh,35.634711,-99.831158,2025-11-17 16:36:06
44,232.27,West Theresamouth,31.556004,-80.968241,2024-06-25 19:25:27
45,218.8,New Megan,35.317927,-107.854951,2026-01-25 22:59:02
46,56.9,Martinezchester,41.011181,-121.41121,2025-09-06 00:29:14
47,92.22,Ramirezshire,26.314767,-112.347882,2024-11-24 03:22:24
48,144.11,Katelynfurt,43.339861,-107.501514,2024-07-05 09:20:26
49,102.25,Thomasfurt,36.937248,-99.452664,2024-07-19 16:23:31
50,229.30,Dixonberg,37.781976,-110.883689,2025-07-04 04:18:33
51,120.56,Rodriguezview,34.529708,-81.703644,2025-11-08 15:26:43
52,105.29,Crawfordberg,36.034102,-119.561831,2025-05-01 07:44:46
53,75.56,North Joanland,35.302823,-100.947896,2025-10-10 20:45:34
54,201.140,Gregoryburgh,27.764161,-122.811176,2025-05-19 12:14:07
55,158.5,Jacobsmouth,44.231732,-88.76686,2025-07-16 02:50:46
56,126.13,West Christy,35.481083,-117.965801,2025-11-07 19:11:53
57,83.5,Port Charleshaven,34.610796,-119.517116,2025-04-26 23:52:26
58,216.19,Sparksborough,30.317729,-79.590281,2024-04-28 15:37:46
59,48.22,Ebonyfort,40.197392,-93.755525,2024-10-28 05:15:14
60,219.4,Amyside,33.426394,-69.381269,2024-08-17 10:16:34
61,178.70,Port Anthonychester,27.467309,-109.409811,2024-09-26 12:30:44
62,92.9,South Shannonfurt,28.668875,-80.728314,2024-04-27 01:22:25
63,161.19,Stevenston,47.831011,-88.20692,2025-12-21 17:25:26
64,73.8,New Donna,43.237052,-98.4124,2025-05-17 02:04:35
65,207.11,Nicoleburgh,28.622978,-120.107683,2025-11-17 22:42:41
66,201.49,Jordanport,44.111912,-90.289074,2025-06-30 17:21:25
67,45.5,Freemanville,26.780576,-97.680678,2024-02-28 10:05:59
68,116.14,Kellerside,33.849702,-107.636609,2024-05-20 06:29:51
69,99.42,Alvarezburgh,39.257916,-102.084499,2024-03-04 17:26:15
70,245.9,South Joseshire,46.817199,-91.415569,2024-10-19 10:04:33
71,207.6,Jensenstad,39.52014,-95.422064,2024-04-06 02:49:07
72,246.4,Luketown,27.484045,-72.74977,2025-06-17 12:17:17
73,124.18,East Marystad,37.109176,-114.164142,2025-01-19 20:33:19
74,237.3,Port Patriciamouth,48.783665,-94.128092,2024-09-03 14:29:15
75,225.23,Davisstad,33.948448,-107.875066,2025-09-27 00:01:39
76,216.1,Robertton,41.293545,-121.015166,2025-06-03 20:37:55
77,120.116,East Jimmy,32.912578,-92.196097,2025-08-23 12:09:29
78,201.100,Brittanyland,31.047899,-75.460723,2024-08-21 14:19:26
79,214.10,Dannyburgh,26.956048,-86.17411,2025-06-27 10:15:51
80,202.4,New Markmouth,48.224716,-84.186642,2025-08-31 21:15:10
81,139.11,Bradleychester,39.280989,-70.533875,2025-04-25 22:02:57
82,69.9,Andrewfort,34.040303,-78.875268,2024-07-17 12:29:48
83,56.5,West Nicholasfurt,27.242871,-85.784006,2026-02-28 21:49:29
84,224.9,Ashleyfort,25.437533,-106.394634,2024-11-28 17:40:52
85,218.10,Lake Emilymouth,47.744038,-96.282558,2024-12-17 22:08:12
86,144.13,Shawmouth,28.718684,-107.13985,2024-06-06 02:48:03
87,45.6,New Kevin,43.500993,-76.39817,2026-03-28 22:31:19
88,109.22,Harrisland,40.886302,-74.045612,2024-07-22 13:51:44
89,90.7,West Joseph,34.041277,-114.751909,2024-09-14 03:44:50
90,237.2,Wendyfurt,26.048618,-103.234933,2025-01-03 23:46:03
91,240.53,New Julia,39.65429,-81.113704,2025-11-28 09:14:51
92,178.53,Lake Meganville,37.816268,-106.36033,2025-12-29 14:10:08
93,168.15,Joshuashire,33.828183,-70.01358,2025-11-15 10:39:42
94,31.19,Simmonsstad,43.466525,-79.64693,2026-02-20 05:43:13
95,57.4,Lake Madisonhaven,35.04786,-114.762684,2024-11-06 05:16:15
96,94.7,Ryanside,28.321565,-109.749817,2026-01-16 13:43:05
97,225.77,Jamesfurt,38.308978,-118.152385,2026-03-12 10:29:45
98,135.42,Colleenmouth,31.841512,-80.502341,2025-02-27 18:23:48
99,245.5,North Courtney,46.727349,-115.601127,2025-11-10 14:09:33
100,126.40,New Victor,47.713918,-111.343834,2025-12-01 19:16:13
101,219.40,Adamsside,47.331326,-100.350876,2025-09-07 20:52:30
102,4.46,Michaelton,33.975076,-101.988531,2024-05-06 18:28:16
103,229.104,West Steven,30.38893,-105.834962,2024-06-02 22:05:11
104,214.25,East Julie,43.993135,-116.156823,2025-03-21 15:38:20
105,3.5,Meganchester,41.705728,-116.088817,2025-12-29 17:41:35
106,245.19,Michelleland,39.768358,-72.366123,2024-01-30 12:30:58
107,183.2,Port Robert,30.175714,-115.477382,2026-03-30 20:44:52
108,232.95,Debbieview,27.668485,-107.57821,2025-04-12 19:43:49
109,135.21,South John,26.145987,-100.069944,2025-12-11 02:25:51
110,119.6,East Anthony,27.660589,-72.406628,2026-04-12 17:32:01
111,105.11,Stevenside,40.166919,-91.222295,2024-08-11 00:55:57
112,201.154,Hendersonton,35.301733,-88.955854,2025-01-08 16:53:05
113,75.18,East Joseph,34.997622,-86.130836,2024-05-12 23:55:10
114,55.17,West Kristineview,48.391708,-120.142279,2026-03-28 04:55:03
115,62.29,Lake Melissa,37.175865,-67.665105,2024-02-01 14:07:04
116,230.17,Caseyton,45.959955,-121.518538,2025-08-23 23:58:51
117,228.3,West Carolynland,31.087606,-123.074193,2024-04-14 22:48:10
118,218.5,Mosleyland,30.787022,-86.545049,2024-06-10 00:52:08
119,7.8,Hahnberg,42.644488,-105.046439,2024-03-09 20:57:15
120,219.61,North Ashley,38.10433,-77.629995,2024-09-28 23:47:44
121,31.9,New Elizabethshire,48.53966,-96.723723,2024-10-10 03:48:58
122,142.28,Tylerland,26.514413,-79.757147,2025-12-11 23:31:53
123,109.16,New David,32.042622,-121.503042,2024-11-05 20:46:27
124,1.10,Markshire,32.5743,-106.325675,2025-09-10 14:52:07
125,62.20,Shafferbury,36.361594,-121.912616,2024-10-23 20:51:08
126,201.115,Robinsonville,33.56738,-79.492031,2025-05-30 15:02:57
127,19.59,East Tara,27.9874,-103.022907,2025-09-13 09:53:33
128,240.20,Ortizshire,46.4713,-101.961248,2024-10-17 05:03:02
129,43.11,South Amandaville,41.609644,-103.061225,2026-03-17 16:00:25
130,19.33,Amyfort,44.227554,-82.556365,2024-05-02 14:36:43
131,233.59,West Natasha,39.458879,-77.126547,2025-04-01 08:24:21
132,207.5,West Thomas,27.46235,-105.308565,2025-04-04 06:15:22
133,201.76,Loritown,35.701978,-83.093214,2024-09-15 20:58:02
134,240.51,Port Joditon,33.437128,-121.585756,2025-07-01 16:21:49
135,99.40,West Angela,48.955614,-108.350344,2024-03-30 02:27:49
136,120.78,Daniellestad,41.108413,-100.846017,2026-03-08 01:13:59
137,151.11,New Michellemouth,47.866946,-115.86157,2025-11-11 16:16:01
138,108.13,Smithfurt,28.029521,-110.548263,2025-07-23 01:42:55
139,225.1,Kevinbury,34.188506,-91.667055,2024-08-26 08:35:21
140,24.6,Jasonburgh,47.771765,-102.795237,2024-04-29 10:29:47
141,75.42,Welchchester,28.304683,-103.083853,2025-05-03 09:08:19
142,197.13,West Michellefort,30.99068,-117.533429,2024-10-16 00:22:26
143,43.7,Mclaughlinmouth,37.425887,-71.928077,2024-07-01 22:26:53
144,19.13,Mcdowellville,43.599148,-83.869845,2024-11-29 07:45:54
145,99.19,Lake Jose,31.853845,-71.760702,2026-02-02 01:16:14
146,171.15,West Robertside,27.943298,-75.388901,2025-12-03 05:22:22
147,159.10,Shawntown,46.568297,-98.628662,2024-05-16 09:04:33
148,207.38,Lake Darlenemouth,41.028155,-83.556192,2025-03-27 01:29:25
149,201.28,North Richard,45.432689,-83.426881,2024-09-27 10:34:59
150,224.6,Leeland,37.210138,-117.08234,2024-11-08 05:05:28
151,144.23,East Johnberg,30.681668,-95.84075,2025-07-14 15:11:51
152,66.13,Sparksmouth,38.734658,-97.357867,2024-07-20 14:13:19
153,99.2,Mendozaberg,46.221915,-120.252358,2025-09-10 12:28:47
154,35.55,Glennshire,37.616696,-80.157621,2024-04-24 13:37:33
155,135.47,Laurenborough,48.337114,-87.3867,2025-11-30 00:15:54
156,3.28,South Michaelfurt,41.322616,-104.362657,2024-10-09 16:04:38
157,139.12,Duffyshire,35.382839,-72.089401,2024-03-27 01:56:26
158,135.39,North Stacy,37.434451,-106.664901,2024-09-08 14:33:57
159,208.14,North Terri,47.433708,-111.148194,2026-03-17 01:54:42
160,201.10,West Jacqueline,45.302409,-109.715497,2025-03-02 08:16:34
161,135.46,North Richard,40.000537,-88.977588,2024-05-25 03:15:48
162,44.8,Burkeberg,40.383698,-90.266919,2024-08-27 12:46:44
163,158.16,West Georgeshire,40.809589,-82.923932,2025-06-08 11:22:13
164,73.7,North Jenniferchester,25.988663,-74.764472,2024-05-06 04:12:27
165,112.1,Wilcoxfort,47.765124,-80.051725,2025-02-15 03:05:14
166,17.4,East Jenniferborough,43.407016,-100.254553,2024-02-17 01:08:24
167,4.33,Keithfort,46.335925,-92.902083,2025-04-14 06:53:05
168,37.17,Andersonborough,30.87707,-77.981089,2025-09-22 20:13:36
169,201.2,Port Justin,35.885059,-84.749026,2024-09-02 13:39:58
170,240.2,South Henry,34.974922,-97.526797,2025-06-12 11:17:53
171,97.12,North Kelly,28.448049,-74.895351,2025-05-11 00:58:40
172,219.1,Joemouth,48.408979,-116.546329,2025-07-29 14:44:23
173,51.11,West Brandi,38.479629,-105.810394,2025-12-25 15:21:28
174,135.26,Millerfort,31.41932,-109.868624,2024-05-30 09:24:00
175,113.28,Port Marcus,31.965088,-102.103459,2025-10-11 13:11:35
176,182.30,Mcdanielfurt,48.10446,-72.568283,2025-05-23 15:41:31
177,75.70,Fitzgeraldview,42.307082,-113.179456,2024-09-04 12:42:56
178,4.34,North Angelaton,48.903266,-97.391538,2025-04-24 07:13:22
179,43.2,Sarahfort,25.556231,-70.12173,2026-02-24 04:20:07
180,27.9,Wendyton,48.200479,-111.736768,2025-07-02 04:52:57
181,113.13,West Williamfurt,26.21297,-95.79103,2026-01-01 00:44:58
182,201.112,Tiffanystad,37.880578,-75.711175,2025-10-31 10:09:06
183,142.21,New Blake,46.178938,-82.53204,2025-09-18 10:24:05
184,225.38,West Geoffrey,26.085817,-121.084012,2024-10-29 09:16:32
185,225.12,Conradmouth,38.27735,-119.80869,2026-02-22 08:00:31
186,246.3,North Logan,43.345699,-108.055921,2024-07-03 13:35:45
187,139.1,Thomasville,48.401988,-101.547488,2025-06-10 18:00:58
188,69.14,Bradleyberg,47.534766,-80.966985,2024-11-05 05:24:56
189,93.1,Savageview,37.21894,-95.495559,2024-03-11 09:01:53
190,109.30,Saraport,28.288873,-105.01668,2026-01-05 22:27:43
191,54.14,Chloeview,35.967725,-89.44315,2026-03-11 19:26:48
192,144.30,Ryanburgh,32.87118,-89.055117,2024-09-09 10:30:55
193,231.3,Jillianfort,48.774778,-81.858796,2025-04-09 20:15:53
194,85.6,New Melissa,33.072963,-76.787505,2026-04-06 23:04:02
195,40.23,Brownberg,42.009755,-106.911938,2024-01-26 20:16:14
196,225.56,East Isaacfort,32.94975,-117.752538,2025-10-09 01:44:48
197,80.5,Frankmouth,32.384268,-72.770275,2024-02-11 09:28:40
198,90.4,Wilsonfort,36.390165,-68.87697,2024-12-19 11:25:34
199,113.33,South Michaelside,39.004559,-114.280812,2025-08-13 14:31:23
200,149.11,Ellisville,44.719871,-110.194796,2024-06-19 17:12:07
201,166.7,North Michael,25.454497,-106.119528,2024-08-23 05:45:59
202,232.240,Port Justin,41.572006,-100.608488,2026-01-02 14:43:33
203,119.2,Lake William,41.938606,-94.435057,2025-05-19 22:43:29
204,35.52,Annashire,37.611452,-106.116102,2024-09-26 00:42:31
205,29.6,New Whitney,46.89098,-104.48736,2025-07-04 08:46:34
206,192.3,New Katieburgh,39.641838,-113.040942,2025-01-17 22:53:58
207,197.15,Knappbury,38.39408,-111.182579,2025-04-07 07:52:30
208,201.137,Rhodesmouth,41.917622,-84.656325,2026-01-29 15:21:22
209,207.19,West Erinville,36.515282,-92.052207,2025-02-28 19:14:09
210,201.128,Brooksville,27.924979,-85.432532,2025-08-12 20:01:30
211,232.105,Ericland,44.641059,-69.587295,2024-08-15 13:01:32
212,201.148,Rivasfort,26.009596,-69.547118,2024-05-02 18:25:51
213,219.17,Fullerview,47.176231,-86.609593,2026-01-14 05:22:10
214,174.3,West Taramouth,29.849632,-93.301058,2025-02-25 22:46:56
215,144.11,Staceyshire,27.621438,-81.769214,2025-01-06 17:04:55
216,181.27,East Michelle,26.21837,-72.404501,2024-12-16 13:38:55
217,178.45,Marcuston,26.259787,-100.441822,2026-01-03 20:29:39
218,129.24,New Stephaniefurt,41.348608,-116.164379,2024-09-02 08:28:12
219,232.197,South Jonathanbury,40.669427,-73.803095,2026-01-08 23:22:05
220,35.46,Davisborough,40.612929,-80.91307,2025-03-22 05:16:16
221,207.5,South Kimberly,31.849968,-120.627733,2024-05-18 23:20:14
222,75.44,Deborahberg,30.573285,-81.894868,2024-02-27 22:34:45
223,160.4,West Travischester,35.02924,-76.256521,2024-02-26 10:50:51
224,232.123,Rebeccaberg,43.911055,-113.380237,2025-03-25 16:06:39
225,109.2,Elizabethstad,25.222412,-91.626173,2024-06-15 16:27:34
226,214.23,South Sean,31.82948,-67.62133,2026-03-25 12:00:42
227,42.3,Alvarezshire,46.342239,-116.350603,2026-02-22 06:24:39
228,3.40,Davischester,31.54809,-77.897609,2025-05-28 16:47:48
229,152.3,Christinachester,42.546862,-87.047736,2024-10-16 06:00:16
230,104.11,Davishaven,42.678829,-78.926243,2024-10-27 01:34:29
231,160.7,Teresabury,39.662908,-87.59263,2025-09-21 21:46:36
232,233.37,South Alison,37.366736,-119.055947,2024-05-28 04:12:52
233,16.44,West Taylorland,48.560445,-96.785116,2025-01-20 07:51:56
234,102.18,Evansberg,31.258847,-110.575289,2025-02-18 18:16:11
235,21.1,Mckenziehaven,32.2467,-82.795696,2024-01-18 18:21:18
236,19.12,Phillipston,40.688401,-84.51219,2024-04-06 12:09:46
237,133.4,North Williamhaven,36.16948,-114.896141,2026-02-19 15:19:15
238,20.3,Gutierrezmouth,41.566969,-87.593454,2025-04-03 07:47:56
239,225.5,Michaelshire,39.751011,-111.50967,2024-07-26 11:48:18
240,35.51,Port Wesleyville,28.676454,-81.379114,2025-08-03 09:44:37
241,232.4,Whiteburgh,41.846577,-71.970577,2024-12-05 06:58:31
242,182.25,Williamschester,41.328206,-90.038575,2024-05-07 04:20:46
243,56.12,Leemouth,35.721951,-83.885331,2024-05-01 07:52:49
244,74.1,Hansonview,27.693011,-76.759879,2026-02-24 05:55:24
245,17.17,Tammyburgh,38.74484,-115.458414,2025-05-24 17:06:43
246,54.21,East Christian,35.604173,-85.223171,2026-01-29 08:49:39
247,126.34,Monicaville,46.573344,-98.607487,2024-03-27 10:15:11
248,25.6,Fergusontown,28.166664,-100.320799,2024-03-30 16:34:59
249,69.8,Wilsonburgh,36.097079,-78.005825,2024-02-03 19:39:41
250,232.115,Stevensfurt,31.106973,-123.828118,2024-12-04 11:56:58
251,75.75,Turnerstad,26.752709,-99.849249,2024-04-09 01:08:30
252,61.8,Ballardland,48.858968,-70.72878,2024-04-17 05:13:12
253,34.7,East Alexander,25.761637,-100.694585,2024-07-29 09:09:14
254,232.73,Port Allenborough,33.987062,-73.193985,2025-11-27 18:40:34
255,229.123,East Timothyberg,34.015493,-85.08437,2024-07-25 14:13:09
256,219.27,South Megan,27.847196,-67.407734,2025-09-02 14:17:16
257,58.18,North Kevin,28.05633,-68.212711,2024-01-06 09:29:37
258,107.14,Hernandezchester,48.483776,-97.608778,2025-10-20 20:38:20
259,58.40,North Gabrielberg,34.102635,-110.909148,2025-12-16 13:21:18
260,219.15,Maynardfort,28.722913,-113.256614,2024-06-24 07:09:11
261,107.84,Port Shannonbury,44.427476,-100.103286,2024-01-25 07:19:03
262,181.13,West Ashley,29.945959,-118.248887,2024-02-22 03:48:51
263,24.2,Williamstown,39.346838,-83.912683,2024-03-16 14:47:05
264,181.5,Lake Melaniechester,42.772986,-101.070875,2024-12-30 00:48:05
265,60.4,Allisonshire,30.214461,-74.767376,2024-03-28 16:23:10
266,144.32,Benjaminfurt,37.0935,-107.511983,2025-05-10 09:35:29
267,75.69,Palmerfort,39.350024,-85.665682,2025-05-13 03:15:43
268,178.75,Lake Bruce,32.242346,-115.834155,2026-03-20 17:38:52
269,174.82,South Barbaraside,34.925445,-108.316227,2024-09-29 01:26:18
270,233.33,West Patriciachester,38.340416,-121.327606,2025-06-19 00:42:55
271,229.38,Wilsonstad,43.85931,-105.832136,2025-10-08 17:42:26
272,232.206,Terrytown,28.581223,-102.541769,2026-01-05 14:03:40
273,181.16,West Jessica,45.384182,-106.858024,2024-08-12 05:49:23
274,3.13,Cooperbury,46.953788,-91.944001,2025-10-09 00:32:19
275,69.10,New Regina,37.719804,-101.860114,2025-01-31 02:55:36
276,172.1,Sandramouth,32.926312,-119.492985,2025-11-29 17:16:05
277,225.76,West Jennifer,27.219136,-82.698671,2024-10-22 21:40:10
278,113.35,Moyerstad,31.443078,-85.600701,2024-03-02 10:26:22
279,120.61,Marshburgh,29.515919,-80.583304,2024-12-03 02:57:44
280,35.9,West Hannah,30.013338,-72.299129,2025-04-15 23:40:07
281,104.4,Lake Timothyburgh,30.083387,-113.168649,2024-07-01 05:51:53
282,35.57,East Catherine,46.946591,-84.349302,2024-11-13 16:48:09
283,232.120,Port Robertfort,46.963035,-92.53148,2025-03-15 17:12:42
284,229.34,Jimmyside,36.190011,-87.022884,2025-04-24 02:48:58
285,19.12,North Michaelview,33.631471,-73.679719,2025-12-24 21:53:27
286,129.1,Ericaburgh,44.267599,-82.822426,2025-05-12 11:09:43
287,17.21,Port Brycechester,33.896918,-100.40598,2024-12-09 17:41:46
288,147.19,New Jeremyside,25.389278,-92.461241,2025-10-10 16:26:20
289,201.183,South Jonathan,28.657874,-105.197679,2025-08-13 01:27:11
290,75.122,Kristenton,45.000705,-95.539816,2025-06-08 09:18:31
291,185.15,Paulahaven,43.320655,-96.148597,2026-02-01 02:43:44
292,31.12,Lake Brentmouth,29.037608,-78.686396,2024-09-19 22:40:59
293,144.31,Estesville,42.287525,-96.16597,2024-04-01 05:41:22
294,55.20,Port Cherylville,25.81177,-75.738249,2024-03-16 08:44:51
295,102.15,New Danielville,34.897413,-75.974951,2024-12-25 12:27:44
296,120.25,West Eric,41.97207,-123.478937,2026-02-24 15:05:23
297,26.8,Jeanhaven,33.956817,-88.783392,2026-01-20 15:09:23
298,39.9,Oconnorville,25.377562,-93.663888,2025-09-30 23:48:40
299,103.24,Lake Michael,25.401428,-82.835015,2026-04-12 05:45:50
300,201.12,North Melinda,25.411422,-77.650038,2025-10-30 20:55:57
301,161.32,Montestown,27.568394,-118.510108,2024-08-19 07:18:02
302,181.16,Port Lisa,29.606369,-93.992009,2025-07-04 14:31:19
303,19.38,Justinburgh,44.078472,-119.495903,2025-09-22 17:47:56
304,29.10,West Nathanchester,38.560052,-67.556717,2024-12-16 20:34:07
305,201.28,Crystalbury,41.416999,-75.671575,2024-02-19 05:17:02
306,126.53,Port Karen,34.726679,-102.501335,2026-01-09 10:45:23
307,1.16,Cobbberg,40.281954,-83.937826,2024-05-08 10:45:43
308,4.40,Gutierrezchester,45.287915,-87.240287,2025-05-29 14:39:49
309,74.5,Cranehaven,48.455901,-68.491134,2026-03-31 11:12:05
310,111.1,Sherrymouth,30.514396,-72.627441,2026-01-08 15:56:08
311,195.11,Port Alejandro,26.117487,-119.762161,2025-03-11 13:03:48
312,62.20,North Matthewfurt,38.524237,-122.124599,2025-05-03 12:50:21
313,104.7,South Bryan,48.075261,-90.538942,2025-09-10 17:33:06
314,120.92,Lake Sandraberg,32.182645,-91.854383,2025-08-27 12:48:35
315,61.3,Lake Tinahaven,32.961516,-80.930272,2024-08-05 09:44:10
316,121.1,Robertside,37.019028,-68.46357,2024-03-24 09:56:53
317,127.7,Jennifermouth,35.490118,-76.195545,2025-06-13 02:13:04
318,95.10,Alanview,43.456136,-69.573071,2025-09-08 06:09:41
319,209.10,Lake Richard,25.711016,-108.420359,2025-11-30 21:43:43
320,40.9,New Claudia,30.475321,-92.47685,2025-08-06 04:55:58
321,233.8,Terryfurt,29.457708,-90.605118,2025-08-13 10:08:16
322,1.25,West Christopher,43.532018,-107.16337,2025-01-17 20:18:49
323,120.67,Peterberg,26.968912,-115.209405,2024-08-27 15:51:33
324,230.10,Jasonhaven,32.600277,-117.926598,2024-01-09 01:41:30
325,201.9,Adrienneburgh,35.673661,-80.60325,2024-06-07 19:27:48
326,142.10,North Pamelaside,27.095134,-99.434168,2026-03-07 01:10:46
327,232.204,Johnport,27.47903,-118.891726,2024-05-24 13:41:13
328,90.5,Benitezville,39.353051,-105.507471,2025-08-21 10:42:38
329,103.28,Port Nathanhaven,32.004336,-101.895425,2024-05-11 13:49:36
330,70.3,Davidville,46.724982,-68.244135,2026-03-20 12:11:06
331,156.6,Evanstown,41.447584,-114.338401,2025-02-21 18:01:32
332,201.36,Morganbury,31.441763,-115.681715,2024-09-16 17:56:37
333,235.19,West Kevin,31.623085,-106.914122,2024-04-29 11:50:10
334,224.3,Lake Nicholas,31.040794,-109.944366,2026-02-09 04:51:16
335,85.7,North Mark,39.800051,-97.901887,2024-07-29 11:24:56
336,201.62,Port Kimberly,25.162417,-101.445557,2025-08-13 03:19:26
337,210.9,Garciachester,35.56535,-99.454875,2024-07-30 11:05:17
338,201.31,Millerton,32.695964,-70.005101,2024-11-08 00:17:10
339,35.6,Beasleyfort,32.540399,-69.019246,2025-05-10 18:18:52
340,201.155,South Christian,42.636985,-87.92456,2025-01-11 14:13:58
341,208.8,Chapmanhaven,34.025327,-77.459813,2025-09-02 09:41:00
342,225.31,Wigginsshire,27.733308,-91.860521,2024-10-06 12:10:21
343,65.1,Fieldsmouth,25.645987,-82.548838,2024-11-21 16:15:31
344,240.10,Dennischester,44.144453,-76.616937,2024-04-17 10:25:19
345,232.212,East William,41.151464,-116.06679,2025-04-15 10:25:09
346,181.23,Dawsonberg,31.06436,-115.213836,2025-10-19 07:21:12
347,229.12,Lake Jasonfort,26.775163,-67.530065,2026-01-14 11:09:52
348,79.2,Lake Ericside,34.619322,-95.123079,2025-10-11 19:22:48
349,62.25,Sandraville,25.882364,-68.799602,2026-04-14 01:18:21
350,85.7,Rodriguezstad,40.316329,-119.15603,2025-01-20 14:43:16
351,220.2,Billyberg,28.992124,-89.07736,2025-09-12 18:49:45
352,213.18,West Kevinstad,48.177203,-99.464034,2024-01-17 09:14:58
353,129.1,Kellytown,31.209721,-94.891454,2026-03-16 22:10:57
354,69.2,East Kristen,38.932439,-91.211582,2025-11-23 11:49:44
355,22.9,Williamsport,34.38722,-79.976493,2026-02-16 10:43:00
356,149.33,Jasonfort,33.279217,-122.599929,2024-06-11 09:52:57
357,201.185,North Amyland,34.98341,-69.181512,2024-06-29 07:22:42
358,145.2,South Timothyport,33.359888,-104.445199,2024-11-17 08:34:22
359,54.27,Mcculloughfurt,36.590224,-96.858736,2025-11-11 16:00:36
360,247.9,Davenportberg,32.653827,-106.884947,2024-06-27 18:41:23
361,107.13,New Dana,45.38032,-87.065715,2024-09-12 07:33:52
362,181.38,Contrerasberg,37.383854,-92.541113,2025-05-29 04:11:19
363,70.6,Christopherchester,35.232865,-97.662913,2025-09-21 05:15:46
364,16.42,Hallfurt,29.473286,-86.533449,2025-09-06 12:22:48
365,107.62,Ambermouth,42.697321,-73.66345,2025-11-29 09:22:16
366,85.3,Debbieburgh,35.309268,-123.746348,2024-11-29 16:10:45
367,172.7,New Crystalport,31.680276,-83.885695,2024-04-07 04:32:44
368,75.68,Lake Anitaborough,27.442049,-74.297178,2024-10-17 10:22:04
369,225.37,New Aimeefort,32.823638,-97.919626,2025-02-11 13:14:36
370,40.20,North Dominiqueside,37.66516,-87.570811,2025-08-26 17:31:18
371,99.14,North Joshua,34.421056,-117.488772,2025-06-30 18:56:56
372,28.13,East Maria,39.816704,-77.61692,2025-04-07 01:32:49
373,99.38,Millerside,39.164041,-85.689725,2025-05-01 12:24:39
374,133.25,Richardton,30.725745,-117.333912,2025-08-02 21:51:32
375,14.5,Atkinstown,37.259797,-100.160371,2024-08-02 04:03:55
376,75.49,Samuelchester,34.209039,-113.412039,2026-04-14 18:57:04
377,159.15,Port Allisonfurt,38.317902,-96.090405,2024-08-05 22:38:02
378,165.4,Christopherville,32.54992,-98.292945,2024-03-24 06:46:21
379,224.1,West Douglas,47.844207,-96.377292,2024-10-30 02:55:02
380,229.59,Kaylaberg,48.131898,-95.190033,2026-02-07 21:48:48
381,232.212,Stephanieburgh,41.43272,-100.309065,2025-11-20 11:59:32
382,40.15,New Susanburgh,29.014084,-91.772325,2024-12-08 13:56:09
383,201.16,Lake Brianfurt,25.784682,-111.183925,2025-03-24 10:24:33
384,15.6,West Douglasmouth,43.737765,-91.757924,2026-02-08 10:37:11
385,64.8,Nicholasville,37.259344,-91.355299,2025-02-20 03:37:20
386,62.21,East Johnshire,44.758787,-103.088879,2024-03-05 15:21:09
387,240.32,South William,38.112479,-67.582784,2024-06-08 02:21:41
388,182.25,Averyview,32.145014,-67.039178,2025-11-29 15:14:13
389,19.17,West Stevenchester,33.365847,-77.446471,2025-11-13 01:42:44
390,133.21,South Anthonybury,43.61516,-110.494075,2025-06-28 16:27:54
391,98.7,West Angelashire,40.186495,-114.539048,2024-08-04 07:03:20
392,17.31,East Kathrynberg,44.524717,-78.089892,2025-06-28 23:20:56
393,58.43,Ashleymouth,31.74604,-93.290193,2025-05-17 18:40:52
394,201.164,Port Cynthiaborough,31.943998,-108.761445,2026-03-10 02:46:50
395,126.67,West Amber,28.254134,-81.244634,2025-10-01 09:25:09
396,117.6,Port John,48.819669,-74.578287,2024-07-16 02:44:01
397,142.12,Aliside,30.992254,-83.450494,2025-01-19 13:30:34
398,231.1,Williamsmouth,36.747009,-91.086745,2025-02-21 10:30:05
399,232.28,Deniseburgh,34.004136,-119.695572,2024-05-24 14:49:30
400,232.167,North Sarahfort,37.374723,-108.141136,2025-07-27 07:58:14
401,26.15,Carlafurt,47.806098,-105.344511,2024-01-04 20:12:11
402,126.51,Meganborough,42.542366,-97.868392,2025-07-10 11:30:40
403,1.2,Brandonside,44.09627,-101.330196,2025-10-29 10:15:20
404,174.15,West Christopherville,36.873159,-105.596686,2025-03-16 13:06:58
405,215.6,Lake Angela,38.135453,-116.556128,2026-01-23 22:42:30
406,218.25,Natalieborough,46.459712,-80.551521,2024-03-12 08:52:35
407,129.17,Nicolemouth,40.028309,-76.307976,2024-01-26 07:00:46
408,135.39,Tiffanymouth,47.306389,-114.99494,2025-12-10 04:13:47
409,100.6,Johnmouth,48.804118,-99.61544,2024-07-23 22:04:34
410,201.41,Jasonmouth,28.815459,-70.834643,2025-03-01 16:11:09
411,126.52,Lake Dennistown,40.710111,-109.727811,2025-07-31 15:20:25
412,154.10,Smithtown,26.242895,-88.340556,2024-12-29 17:30:54
413,233.49,South Angela,40.731645,-83.889212,2024-01-02 16:30:01
414,174.26,Farmerside,36.443361,-116.436112,2024-12-17 09:00:23
415,54.15,Port Nancyland,41.319585,-123.470644,2025-06-17 17:22:21
416,135.11,Port Lisamouth,48.715718,-99.928106,2024-07-24 07:50:48
417,35.48,West Teresafurt,26.699879,-102.165014,2024-06-08 02:45:42
418,129.44,Paultown,32.520435,-73.783627,2024-08-01 00:33:02
419,229.5,South Mitchellborough,43.563052,-81.070005,2024-07-25 20:03:04
420,146.16,Smithtown,26.641879,-91.892401,2024-09-11 22:42:30
421,240.23,Erinstad,33.428505,-111.855839,2024-08-23 03:38:11
422,232.231,North Lisa,39.785824,-98.784119,2024-12-03 11:28:07
423,125.5,Lindseybury,46.518231,-116.019251,2024-07-10 07:38:02
424,85.1,South Tammy,42.52022,-103.962468,2025-10-29 00:46:21
425,206.1,West Trevorborough,43.98584,-109.876177,2024-05-10 21:01:11
426,182.3,East Traceyfurt,38.281519,-89.799552,2025-03-18 14:37:03
427,107.44,Port Joshuahaven,45.349411,-86.470894,2025-04-13 14:18:08
428,172.6,Jacksonborough,37.425979,-94.957214,2025-08-31 13:32:11
429,201.186,North Brianna,40.508075,-79.323309,2025-01-06 19:16:55
430,42.7,East Jordanshire,34.261254,-110.25834,2024-04-20 07:31:09
431,58.13,New Jessica,46.329389,-123.31218,2025-07-14 22:43:00
432,207.14,Jamestown,28.167589,-74.933602,2025-10-15 18:55:47
433,225.34,Erinmouth,38.112549,-114.152092,2026-01-01 16:41:52
434,120.62,South Danielleton,25.400546,-120.150644,2025-02-11 06:58:32
435,174.43,Ryanchester,25.955845,-120.553275,2025-09-10 05:35:03
436,45.32,Davidhaven,31.875707,-83.380143,2025-10-07 08:25:38
437,232.97,Simpsonhaven,41.843455,-119.301615,2026-04-13 12:35:10
438,58.83,Lake Jeffreyview,39.785129,-108.184339,2025-04-26 10:09:58
439,121.6,Patelmouth,37.271313,-112.417743,2024-08-29 08:52:45
440,58.74,South Jamesland,32.842007,-90.573082,2024-04-12 16:56:56
441,202.3,Lake Jeremiahchester,41.768221,-82.392372,2025-01-05 17:02:48
442,116.6,East Jamesmouth,30.867514,-71.296218,2024-06-29 04:17:35
443,25.6,Bryanville,39.695123,-120.863369,2024-09-29 20:33:14
444,134.3,South Ryantown,25.303959,-116.178928,2024-01-18 15:10:52
445,153.12,Marybury,36.91391,-104.237808,2026-03-14 11:27:54
446,186.4,South Johnmouth,29.007111,-116.764955,2025-02-21 12:15:58
447,133.3,Port Matthewbury,43.514327,-122.326694,2025-10-28 22:22:48
448,19.54,Port Carolmouth,37.572501,-109.01187,2024-04-29 17:22:44
449,43.11,Lake Seanville,35.924747,-103.472938,2026-02-15 02:48:39
450,75.100,North Sabrinafurt,29.005153,-115.033331,2024-06-08 20:34:23
451,75.42,Pamelaland,41.17889,-117.425985,2026-03-01 10:22:00
452,101.20,North Samantha,26.05691,-74.813076,2025-01-14 21:32:20
453,112.13,Brownchester,36.32235,-102.17017,2024-08-21 03:33:43
454,161.30,North Ericaside,47.347842,-75.123344,2025-10-13 11:13:15
455,176.3,West Melissafurt,32.723248,-100.273374,2025-05-12 00:02:47
456,195.13,New Karenbury,44.823928,-91.42245,2024-07-04 11:35:21
457,4.46,South Patrickchester,41.159817,-120.997688,2024-12-12 16:56:31
458,51.18,West Debratown,48.553933,-69.617474,2024-04-17 01:45:49
459,3.22,Holmesshire,45.784774,-79.908934,2025-04-27 15:39:09
460,209.18,North Curtis,27.073253,-97.965468,2025-07-27 02:18:38
461,171.19,New Kristineborough,31.998282,-79.283089,2025-01-11 20:11:12
462,31.6,Lake William,33.838567,-68.604109,2024-10-30 13:52:33
463,63.7,Robertmouth,43.251573,-110.027768,2024-01-10 21:47:04
464,232.22,East Devin,25.573846,-93.131924,2024-01-15 21:43:14
465,214.23,North Davidshire,25.035089,-86.533681,2025-04-22 16:49:39
466,129.5,Palmerstad,29.924665,-67.962403,2025-10-14 03:52:08
467,4.19,Brandyside,48.068441,-68.564124,2024-08-09 04:04:05
468,197.21,East Terrance,27.232639,-71.487359,2026-03-18 10:01:41
469,232.241,Kellytown,41.820326,-102.767957,2024-05-11 21:23:29
470,75.93,North John,27.293848,-116.389711,2025-09-04 14:28:54
471,120.77,South Mauriceborough,39.205498,-120.449877,2024-07-22 01:09:29
472,178.74,Port Casey,32.000225,-75.497919,2025-09-02 10:20:14
473,209.1,Lake Thomas,32.633385,-108.498515,2024-04-26 00:32:57
474,17.19,Greenemouth,28.266684,-80.101643,2024-06-18 06:48:06
475,149.69,Christinachester,27.535786,-98.374695,2025-05-02 20:00:34
476,232.194,Francismouth,27.897682,-103.577616,2024-11-18 13:14:22
477,247.5,South Jeffreytown,32.399385,-108.894548,2024-07-05 06:42:05
478,126.30,Lake Jerry,28.782769,-84.894874,2024-03-03 15:36:15
479,174.38,East Timothy,45.062194,-105.315761,2024-05-21 16:39:48
480,182.30,Lindsayfurt,48.2416,-101.414066,2024-03-17 01:00:40
481,201.21,South Jack,31.244003,-67.531433,2024-02-18 06:49:27
482,232.178,West Alejandrostad,45.510431,-92.310636,2025-01-23 03:10:52
483,126.62,New Dariusport,36.089038,-78.177885,2024-08-05 03:51:44
484,135.18,Leeshire,25.286966,-76.668777,2024-12-11 07:30:08
485,140.1,Bradleytown,29.755193,-101.166837,2024-05-10 13:13:00
486,79.3,East Justin,39.06685,-71.706571,2024-04-26 11:43:29
487,107.107,West Jennifer,48.931874,-112.728231,2025-11-19 20:19:04
488,139.10,Melaniebury,27.207487,-75.7053,2025-05-30 01:04:33
489,135.26,East Andrew,26.024712,-97.723289,2024-09-17 23:05:29
490,75.42,Reneetown,35.395753,-82.707442,2026-02-09 16:55:57
491,107.64,South Diana,34.185507,-99.680151,2025-07-03 19:57:39
492,174.35,West Sharonport,46.799301,-108.326039,2025-11-23 20:30:40
493,149.18,Allenstad,25.831587,-88.706937,2025-01-16 19:31:14
494,201.182,New Tiffany,36.973399,-73.681621,2026-01-14 03:34:03
495,119.1,Johnsland,27.105317,-102.168129,2025-10-13 06:12:25
496,171.1,East Nicoleberg,40.423661,-78.559717,2025-01-22 00:54:05
497,62.25,East Amanda,44.07631,-67.603994,2025-07-11 20:40:11
498,36.1,Louischester,38.068427,-96.373269,2026-02-19 10:34:41
499,207.7,North Kathryn,34.321151,-113.750495,2025-05-10 08:37:02
500,90.6,Port Amanda,30.256485,-72.941407,2025-03-12 09:55:44
