req_id,req_fname,req_lname,req_email,req_phone,req_age,req_gender,req_pref_lang
215ee988-319e-4707-88f0-fbe2a8b157c0,Danielle,Johnson,john21@example.net,819-600-1338,58,Male,English
f6a23e4b-f60e-4bd0-bc18-d6309294182e,Carolyn,Hoffman,lrobinson@example.com,026-542-3511,65,Non-binary,Spanish
b5b63590-0cdc-4f98-b8cf-90f99221d330,Noah,Howard,cassandra07@example.net,161-849-5931,32,Female,Telugu
980e07f3-50c1-4b7c-bbe7-7a04d2c50f36,Brandon,Perez,tracie31@example.com,475-255-3419,24,Male,Urdu
d93bda75-6cc2-412f-81d5-dc7cc11196dd,Cynthia,Ferguson,frankgray@example.net,835-030-5641,45,Male,English
a11f477e-3462-4205-b367-7ae85f363859,Jason,Hahn,jason76@example.net,724-238-8496,23,Female,Spanish
6d893939-f566-4470-8d35-fad3fe2d9b49,Rachael,Ross,wendytaylor@example.com,101-226-9166,50,Male,Russian
12cdf570-bb79-48cd-8ffc-98a345056e6a,Caitlin,Mcdonald,tasha01@example.net,845-146-2704,30,Prefer not to say,Spanish
57052cea-41e6-4d6d-91af-021c7c777e96,Teresa,Gill,harrellkenneth@example.net,893-252-8809,46,Non-binary,English
a0f319ff-ceff-4dcc-8fa1-e51517db68cd,Mario,Smith,natasha43@example.org,391-171-8227,66,Female,Telugu
55af8a47-d4d2-4f69-a70d-10d1fbcb0a97,Stacey,Martin,ibrandt@example.net,346-578-7133,45,Non-binary,French
531df76a-f2c7-4167-a01b-747f588c9c98,Caleb,Smith,briannasmith@example.net,031-051-8347,27,Female,Arabic
2523a498-f4d6-44f8-b5a8-42f7d4b5fa87,Jason,Anderson,esanchez@example.com,311-656-6701,24,Male,Bengali
0b3c77d0-9bcb-4e25-ba91-4c296e357e86,Bruce,Chandler,wrightjames@example.com,262-473-1781,24,Non-binary,Arabic
4a33f608-d9e2-4ef3-b960-1b6c546e2bf8,Brent,Kidd,novaksara@example.org,267-736-0260,56,Non-binary,English
42be4125-510b-4bfa-bc70-74886a839f52,Tricia,Baker,smitchell@example.net,872-343-0980,64,Prefer not to say,Russian
5b8e22bc-30a7-4776-b56c-e48903419a3b,Julie,Brown,hshaw@example.org,081-219-1361,25,Prefer not to say,Mandarin Chinese
107bee81-c285-4780-9822-a7f137a120ec,Shelly,Hudson,harveyrobert@example.net,985-435-3462,53,Non-binary,German
cd5cb81a-41b6-472c-b4e8-3cab222e2bde,Emily,Evans,sarah10@example.com,991-183-8425,57,Non-binary,Urdu
0e01a23d-7890-466a-a2ef-cc6cbb8a8afd,Nicole,Suarez,justin78@example.net,498-084-1241,30,Male,English
8bd0d8a0-0eed-4204-ab97-ec8d0dd775f1,Pamela,Newton,josephjacobs@example.net,534-874-0164,60,Female,French
5eefdcff-3d24-475f-b222-cbe8290d2c6b,Bradley,Cook,danagreen@example.net,786-801-1280,23,Female,Mandarin Chinese
7ce07899-b60d-4ccb-b3db-7f4192d9c540,Mary,Aguilar,russellwilliams@example.com,053-315-8692,42,Non-binary,Portuguese
4416776d-8dbc-45af-8149-39550ec813f0,Sara,Young,theresacochran@example.com,025-634-2160,58,Non-binary,Hindi
155c881a-a7ed-4430-93bc-6cad774c4e82,Michele,Walker,ybailey@example.org,303-654-1458,41,Non-binary,Spanish
19c49f88-7cd5-4b31-bb4a-6bff2d78e007,Ricardo,Zavala,sheila14@example.org,940-196-5569,60,Non-binary,Telugu
f906b7c0-66ba-4924-88b9-00824ba8be2c,Tracey,Wilson,jonathanfletcher@example.org,883-561-5951,77,Male,Urdu
04bfa14e-a897-4ab4-8e54-e8c2daee808b,Jennifer,Evans,elizabeth56@example.net,482-366-2994,58,Female,Russian
903665ff-9aa0-454a-b455-aef764853d9a,Richard,Bass,justin69@example.net,577-738-7214,64,Female,Hindi
521bf2d9-14b5-49d3-b32a-b04bb3b699c4,Zachary,Schultz,clarence34@example.org,320-037-9176,47,Prefer not to say,French
84fe5c31-50c7-4945-9727-be622d09cbac,Olivia,Johnston,psnyder@example.org,016-328-7083,77,Female,German
049bd72e-8981-4dbf-8dbb-78883a878b35,Samantha,Martinez,lauriecontreras@example.net,957-986-8727,38,Male,Spanish
c2d1afc6-c0db-44ae-8e87-53e328e123b3,Shannon,Walton,katie87@example.net,347-143-4558,70,Male,Arabic
3d793f10-44a7-4856-bba4-80ec01f5d810,Christopher,Hernandez,tbenson@example.org,166-587-6036,43,Non-binary,Mandarin Chinese
25884d8a-53b6-444c-a2cd-32015b45a9c9,Perry,Carrillo,gateskathy@example.com,705-466-8893,31,Non-binary,Spanish
1d27ae87-1920-4e8a-b308-b3d382c03d95,Tracy,Nelson,vjohnson@example.net,627-298-0699,59,Prefer not to say,Bengali
a6ed3334-d9fa-4b71-825a-2fbf672fab35,Elizabeth,Miller,dtaylor@example.org,046-537-5564,74,Prefer not to say,Hindi
20aa47b5-de80-48ae-a593-25ee24289c3a,Karen,Decker,mary70@example.net,805-310-0330,34,Female,Spanish
b071f3c3-be2a-4f20-9a40-9251b237b04e,Christine,Allen,kcaldwell@example.org,745-299-1241,65,Non-binary,Telugu
18ee1fd7-d118-4c1a-874f-413dbe48115b,Beth,Hickman,tsanders@example.org,193-149-1905,55,Prefer not to say,Urdu
2e302fba-16d0-4781-bdcd-fc80c88c6363,Amanda,Stanley,huntermatthew@example.com,716-572-6284,43,Non-binary,Spanish
731d6c31-e226-40c1-b98e-d4ed036cf4fd,Christina,Gillespie,umarshall@example.net,453-147-3799,26,Prefer not to say,Mandarin Chinese
7e0b2ef4-c0ad-42bc-82e2-e91c063625d7,Elizabeth,Rogers,lrosales@example.com,354-549-4808,66,Male,Mandarin Chinese
5a9ceaea-0552-4fd9-8e39-411303236d1f,Stacy,Miller,wfreeman@example.org,777-014-3634,27,Female,German
59077d55-7578-4a28-8fcd-2fa9815425e0,Elizabeth,Wood,ronald85@example.com,744-431-3518,45,Male,Bengali
fe270c17-afd3-4298-a865-810126f434ca,Stephanie,Vaughn,javierwashington@example.net,989-413-4352,42,Prefer not to say,Russian
f1cdfc57-281b-411e-8102-a0fe5de060b5,Kevin,Erickson,joshuamccann@example.net,427-109-4777,34,Male,German
5937385f-9525-4dfa-afa5-348e7b4de3c6,Matthew,Sheppard,shelley71@example.org,671-902-2941,64,Male,German
e5f7afcc-e449-4e40-ab18-c06f7dcdc43e,Victoria,Wilson,yobrien@example.net,386-774-9649,74,Non-binary,German
608d0836-f21e-44ff-8a4d-a421ae7fbae5,Christine,Lynch,mezajared@example.org,412-328-1206,39,Male,French
0b98718e-40be-4fa7-a742-17bcee0429ec,Shannon,Wheeler,antonio44@example.net,713-493-6183,45,Female,Portuguese
93062582-f792-4833-ac31-1be52b208f3a,Deborah,Kerr,charlesmartin@example.com,994-717-4648,18,Non-binary,Russian
eef77104-bb22-47a2-b32c-81729b68687a,Amber,Kim,prestonjessica@example.net,401-399-0490,66,Female,Russian
b992109a-984c-4707-b978-4a11158a7f60,Kathryn,Thompson,lmoon@example.net,671-756-5512,76,Male,German
0b638e28-f704-44e2-aa7f-148b128149ba,Mark,Steele,elaine68@example.org,715-451-6808,37,Female,Hindi
de2d1fe8-8640-4225-bb69-a7c407430571,Steven,Brown,cindy77@example.org,348-247-7109,41,Female,Russian
7b41c7fc-c601-4cc2-a2b6-4b176b97eeb2,Lauren,Mckinney,andrea86@example.org,317-127-4846,79,Male,Urdu
a10ee288-bcba-40d9-96b3-4607673e53e0,Mary,Baird,stephenthomas@example.org,982-146-5840,38,Prefer not to say,English
0c6955d8-993d-464d-a498-ba7540cde2b3,Justin,Evans,cgrimes@example.net,755-886-7533,25,Non-binary,French
3b7376a5-3431-41ac-b37a-ca0324a9e513,Ashley,Hall,vwilliams@example.com,662-702-8951,33,Male,Spanish
d2b5ad18-aa62-473b-a09d-3dcef4f8e621,Morgan,Alexander,jsmith@example.com,217-459-6158,74,Male,Mandarin Chinese
10352895-4a96-4986-8713-6b99f064cb5a,Norman,Stewart,cbrennan@example.net,134-316-1172,64,Prefer not to say,Mandarin Chinese
099da07d-f572-4052-b7ec-5a32459a0e4d,Heather,Berger,nguyenbrian@example.com,562-386-9222,80,Female,Hindi
c6d14262-fad5-4404-8720-34db433e96b7,Christian,Pitts,tyleraguilar@example.org,747-407-4821,60,Prefer not to say,Russian
af673332-ee9a-46ec-be47-4a8b3785c559,Scott,Reed,danielle64@example.com,436-713-6959,28,Non-binary,Russian
21308f1f-33be-490f-a797-40107f71bd20,Kenneth,Lyons,spencedominique@example.com,090-974-3953,73,Prefer not to say,Spanish
11629a16-edff-4913-bc34-ab7e476deeb0,Dana,Oliver,courtneyberger@example.net,047-095-2145,77,Female,Telugu
5ec2927f-87a1-4dda-95b0-e67cb660fb9a,Julie,Thompson,kristinwalter@example.com,884-247-4517,37,Prefer not to say,German
be0f7420-f171-410e-beb6-bdc621b423fb,Sydney,Taylor,michelleramsey@example.com,851-604-8175,59,Non-binary,Portuguese
b4dd93a6-7e48-4b9a-825b-691befdb6510,Emily,Chambers,xcarson@example.org,370-985-9317,75,Prefer not to say,Mandarin Chinese
44cd335d-c750-4a2e-840d-feb2d2983824,Regina,Turner,cwilson@example.org,471-138-2675,33,Female,Mandarin Chinese
40ad8c73-02d0-4e60-bf24-30fd38b07526,Ellen,Paul,umatthews@example.org,617-964-0537,39,Male,Urdu
be3b772a-efc0-4b62-ba6d-b004c7a3d3e6,Sean,Young,cory58@example.net,506-431-7139,53,Female,Urdu
16a0b3a2-999d-4d8f-964e-67825319b71f,Tasha,Williams,john29@example.org,183-933-5290,32,Male,Mandarin Chinese
1bf12284-3db9-4f05-aa46-4990ccde93c7,Joshua,Riggs,amberlindsey@example.org,020-539-5024,63,Male,Spanish
d81b1bbd-f00a-44a3-8d7b-aa174652fe1b,Brian,Harmon,reesethomas@example.com,891-783-9084,22,Male,Arabic
6a12a6bf-04cc-4e8c-ab08-ec035ea6ff63,Stephen,Maynard,lutzmelanie@example.com,177-115-9212,22,Female,French
74560cd0-1b3c-4bd7-b30e-2ce07459c6c8,Joshua,Schultz,oscar98@example.com,789-611-8367,60,Prefer not to say,Spanish
5c30aed1-7e93-44ad-91fd-8283720a3120,Pamela,Gutierrez,uross@example.org,565-452-7111,52,Female,Telugu
8f635d43-7cc5-4b90-96e1-2f9004485289,Christopher,Davis,lisa80@example.net,885-165-6049,77,Prefer not to say,Spanish
bf0a0068-77b7-4823-b346-0595d349d827,Larry,Garcia,ericolson@example.org,585-149-3689,68,Prefer not to say,Bengali
693db29e-110e-44f5-93e5-ccb1c8fc4e62,Christina,Day,lynchdiane@example.net,402-445-5022,30,Male,Mandarin Chinese
7fd9cc25-dc8c-410d-907a-c2582fd38f32,Ashley,Morales,joycebonilla@example.org,836-675-2545,60,Prefer not to say,Arabic
b198ccdf-cf5d-46d2-a5d9-539b84f20b18,Kimberly,Bradley,wareeric@example.net,014-767-9764,45,Prefer not to say,Portuguese
ad797ccc-2dc0-4036-8297-d44b4947b2a0,Jason,Hunt,russell49@example.com,840-369-0034,73,Male,German
b1e5e875-7d41-40f0-a300-136b9a357d10,Sierra,Saunders,keith10@example.com,622-683-8851,59,Male,English
5bdbf4f2-01cc-455d-bd63-06f8a2fd8013,Randy,Harmon,esmith@example.com,969-664-1605,43,Non-binary,Mandarin Chinese
ccf1bfad-73ec-4b48-9c3d-a0ce131953a2,George,Meza,xcollier@example.org,613-696-8164,33,Female,Spanish
ee05b857-afc9-4554-be40-b67109b3eb98,Julie,Walker,charlesschultz@example.net,835-523-1243,52,Prefer not to say,Hindi
d8d60f03-cb2f-4adf-a4c7-c41a5c5d484a,Glenn,Hernandez,thompsonkendra@example.com,799-799-5527,45,Female,French
320b0885-ade5-4dec-8ea2-fbb6f9d6dee1,Carlos,Ramos,laura90@example.com,814-770-0541,47,Female,Mandarin Chinese
381e317a-2d57-4a70-80db-24ab20384f59,Deanna,Madden,gilbertwilliam@example.com,980-793-5978,46,Male,English
4b14f2f8-cd97-4c0f-bd63-5fdcc3edf83e,Edward,Brown,shepherdmary@example.net,182-037-7889,59,Male,Mandarin Chinese
4dddf4c2-52a0-48a9-bb05-5275de149ea4,Erik,Watson,paul59@example.org,515-186-4492,77,Female,Hindi
16a1bdc2-d148-4ceb-b7a1-d18019b7f4f8,Mathew,Aguilar,sabrinacollins@example.net,629-148-6528,44,Prefer not to say,Portuguese
dcdbc7d0-d6c0-4773-a346-9628dab10fa0,Clarence,Santiago,andrew42@example.org,573-322-1418,31,Prefer not to say,English
f4cd608c-10c7-47dc-b8d2-c662cf62e40e,Kelli,Conley,stanleynancy@example.net,296-222-9270,28,Prefer not to say,English
ee6a2260-7978-4563-8546-1e5f06940cbc,Robert,Rhodes,tarabishop@example.net,738-347-3597,42,Non-binary,Portuguese
bd193ec1-d82b-4fc6-878e-23dc97b86730,Steven,Campbell,ashaw@example.org,392-407-5818,36,Prefer not to say,Telugu
1c4dd333-e5e0-47ab-8d10-053720f8cf5b,Melissa,Mitchell,joshuawhitehead@example.org,613-750-6068,79,Prefer not to say,Hindi
