user_id,org_id,user_role,created_at,last_updated_at
U00464,ORG00229,CONTACT,2026-03-25 05:06:27,2026-04-03 05:06:27
U01173,ORG00286,MEMBER,2025-12-09 14:49:59,2025-12-12 14:49:59
U03006,ORG00256,ADMIN,2025-12-09 19:08:57,2026-01-04 19:08:57
U02531,ORG00374,CONTACT,2024-06-06 16:49:43,2024-06-29 16:49:43
U04231,ORG00021,MEMBER,2025-02-11 00:45:56,2025-02-24 00:45:56
U01133,ORG00013,VOLUNTEER,2025-03-23 09:05:21,2025-04-03 09:05:21
U00496,ORG00153,MEMBER,2025-04-07 08:20:56,2025-04-16 08:20:56
U00571,ORG00274,OBSERVER,2025-06-28 13:46:45,2025-07-13 13:46:45
U03829,ORG00027,CONTACT,2024-01-29 06:42:24,2024-02-14 06:42:24
U00800,ORG00036,OBSERVER,2025-02-06 21:37:57,2025-03-07 21:37:57
U00612,ORG00494,ADMIN,2024-10-15 05:50:15,2024-10-24 05:50:15
U02333,ORG00298,OBSERVER,2025-01-04 15:16:18,2025-01-11 15:16:18
U03579,ORG00110,ADMIN,2025-04-06 09:08:11,2025-04-29 09:08:11
U04860,ORG00358,CONTACT,2025-08-19 09:48:01,2025-08-28 09:48:01
U03253,ORG00488,MEMBER,2026-02-05 01:51:39,2026-03-04 01:51:39
U03464,ORG00476,MEMBER,2025-07-11 06:17:39,2025-07-31 06:17:39
U04562,ORG00456,VOLUNTEER,2024-08-08 13:18:38,2024-08-16 13:18:38
U04888,ORG00020,ADMIN,2025-02-14 02:15:32,2025-02-26 02:15:32
U04588,ORG00097,VOLUNTEER,2025-11-09 04:33:37,2025-11-27 04:33:37
U00322,ORG00169,VOLUNTEER,2026-01-19 22:33:20,2026-01-31 22:33:20
U04823,ORG00113,VOLUNTEER,2024-07-15 09:55:06,2024-07-20 09:55:06
U03088,ORG00442,CONTACT,2026-03-19 14:12:50,2026-03-24 14:12:50
U04095,ORG00117,ADMIN,2025-04-10 06:46:35,2025-04-23 06:46:35
U04150,ORG00247,MEMBER,2024-06-21 09:24:24,2024-06-25 09:24:24
U02584,ORG00110,ADMIN,2025-01-07 22:10:06,2025-01-13 22:10:06
U02347,ORG00020,ADMIN,2024-11-05 06:31:11,2024-11-07 06:31:11
U03163,ORG00429,CONTACT,2025-11-28 00:23:24,2025-12-12 00:23:24
U00692,ORG00444,VOLUNTEER,2025-02-28 11:09:27,2025-03-08 11:09:27
U00137,ORG00234,VOLUNTEER,2025-11-04 03:15:54,2025-11-07 03:15:54
U00320,ORG00456,OBSERVER,2026-03-15 07:28:03,2026-03-30 07:28:03
U01357,ORG00329,VOLUNTEER,2025-06-04 00:08:25,2025-06-05 00:08:25
U03634,ORG00095,MEMBER,2024-05-15 14:10:20,2024-05-20 14:10:20
U02058,ORG00397,OBSERVER,2026-03-24 02:53:35,2026-04-09 02:53:35
U04689,ORG00040,MEMBER,2025-12-15 06:26:51,2025-12-26 06:26:51
U01826,ORG00266,VOLUNTEER,2026-02-09 23:30:36,2026-02-28 23:30:36
U00281,ORG00196,VOLUNTEER,2026-03-21 15:23:32,2026-04-17 15:23:32
U01013,ORG00116,MEMBER,2024-11-28 22:01:00,2024-12-11 22:01:00
U03365,ORG00326,OBSERVER,2025-04-20 13:01:15,2025-05-18 13:01:15
U01611,ORG00401,OBSERVER,2025-04-12 20:48:14,2025-04-18 20:48:14
U00797,ORG00323,VOLUNTEER,2024-12-21 06:25:03,2024-12-23 06:25:03
U03853,ORG00007,MEMBER,2026-04-12 11:19:10,2026-04-28 11:19:10
U04327,ORG00248,OBSERVER,2025-02-20 09:11:54,2025-03-22 09:11:54
U00427,ORG00377,CONTACT,2024-05-06 14:09:39,2024-05-09 14:09:39
U03805,ORG00437,MEMBER,2024-06-15 02:26:24,2024-06-23 02:26:24
U01833,ORG00016,VOLUNTEER,2026-04-06 07:27:28,2026-04-29 07:27:28
U03642,ORG00005,ADMIN,2024-03-03 07:31:35,2024-03-07 07:31:35
U04517,ORG00477,CONTACT,2024-11-21 04:14:48,2024-12-01 04:14:48
U00526,ORG00496,OBSERVER,2025-08-14 14:54:08,2025-08-19 14:54:08
U04013,ORG00453,MEMBER,2025-06-25 22:51:16,2025-07-01 22:51:16
U00445,ORG00067,OBSERVER,2025-04-09 17:33:02,2025-04-20 17:33:02
U02960,ORG00276,CONTACT,2025-01-21 11:58:40,2025-01-23 11:58:40
U01546,ORG00294,OBSERVER,2024-10-30 03:34:01,2024-11-02 03:34:01
U02181,ORG00103,VOLUNTEER,2024-01-16 11:34:24,2024-01-29 11:34:24
U02287,ORG00327,VOLUNTEER,2025-01-30 01:19:02,2025-02-08 01:19:02
U01620,ORG00338,ADMIN,2026-04-10 21:17:37,2026-04-18 21:17:37
U04293,ORG00122,MEMBER,2025-07-12 06:12:18,2025-08-09 06:12:18
U00511,ORG00393,VOLUNTEER,2024-01-10 00:18:07,2024-01-20 00:18:07
U03958,ORG00143,OBSERVER,2024-12-03 23:00:53,2024-12-21 23:00:53
U00540,ORG00224,CONTACT,2024-09-15 13:02:14,2024-10-04 13:02:14
U01316,ORG00290,ADMIN,2025-01-21 15:52:12,2025-02-08 15:52:12
U00487,ORG00494,CONTACT,2026-02-10 16:36:37,2026-02-27 16:36:37
U04736,ORG00094,MEMBER,2024-04-12 09:25:58,2024-05-04 09:25:58
U02609,ORG00158,MEMBER,2025-09-10 00:37:20,2025-09-16 00:37:20
U03062,ORG00034,OBSERVER,2024-11-11 03:13:34,2024-11-19 03:13:34
U01200,ORG00188,OBSERVER,2026-03-24 10:35:50,2026-03-28 10:35:50
U03068,ORG00217,ADMIN,2024-08-04 17:03:33,2024-08-18 17:03:33
U02494,ORG00361,VOLUNTEER,2025-09-03 03:51:43,2025-09-21 03:51:43
U00647,ORG00240,MEMBER,2025-02-11 20:51:01,2025-02-21 20:51:01
U01088,ORG00483,MEMBER,2024-02-02 03:42:57,2024-02-07 03:42:57
U02661,ORG00354,MEMBER,2024-09-07 19:25:07,2024-09-16 19:25:07
U04975,ORG00143,VOLUNTEER,2024-04-27 06:41:02,2024-04-28 06:41:02
U02508,ORG00463,CONTACT,2024-11-30 04:51:10,2024-12-17 04:51:10
U00360,ORG00369,CONTACT,2025-10-10 08:57:20,2025-11-01 08:57:20
U00399,ORG00332,MEMBER,2025-06-18 21:34:05,2025-06-24 21:34:05
U04010,ORG00095,CONTACT,2026-01-12 15:01:40,2026-02-01 15:01:40
U00056,ORG00256,OBSERVER,2026-03-24 09:33:38,2026-04-04 09:33:38
U04201,ORG00365,MEMBER,2025-12-22 20:24:21,2026-01-06 20:24:21
U02706,ORG00158,VOLUNTEER,2024-04-10 04:36:36,2024-04-10 04:36:36
U01821,ORG00142,ADMIN,2024-04-22 22:13:38,2024-05-21 22:13:38
U00225,ORG00327,OBSERVER,2025-04-07 01:29:01,2025-04-14 01:29:01
U02016,ORG00483,VOLUNTEER,2025-04-05 00:58:03,2025-04-26 00:58:03
U03913,ORG00215,CONTACT,2025-02-03 06:35:30,2025-02-12 06:35:30
U02803,ORG00263,OBSERVER,2024-04-23 05:47:49,2024-04-26 05:47:49
U01646,ORG00304,MEMBER,2025-04-30 06:26:47,2025-05-12 06:26:47
U00455,ORG00271,VOLUNTEER,2025-04-09 07:58:32,2025-05-02 07:58:32
U02931,ORG00020,MEMBER,2026-04-07 05:29:47,2026-04-15 05:29:47
U03283,ORG00165,ADMIN,2025-11-08 15:38:56,2025-11-26 15:38:56
U04359,ORG00274,ADMIN,2025-10-13 11:52:53,2025-10-26 11:52:53
U01939,ORG00062,OBSERVER,2026-01-20 02:36:28,2026-02-15 02:36:28
U01224,ORG00308,MEMBER,2026-03-30 11:34:31,2026-04-25 11:34:31
U01591,ORG00427,MEMBER,2024-02-23 14:23:08,2024-02-28 14:23:08
U04373,ORG00069,CONTACT,2024-01-05 05:42:59,2024-01-07 05:42:59
U01935,ORG00101,VOLUNTEER,2025-06-04 03:36:16,2025-06-29 03:36:16
U02385,ORG00355,OBSERVER,2026-01-16 02:51:31,2026-01-26 02:51:31
U00286,ORG00324,OBSERVER,2025-03-03 17:55:13,2025-03-05 17:55:13
U02408,ORG00250,CONTACT,2024-07-05 16:55:22,2024-07-21 16:55:22
U03395,ORG00024,OBSERVER,2026-01-17 04:17:40,2026-02-12 04:17:40
U04762,ORG00303,CONTACT,2024-10-13 02:44:47,2024-11-06 02:44:47
U04475,ORG00188,CONTACT,2024-04-09 15:48:39,2024-05-08 15:48:39
U04603,ORG00395,OBSERVER,2024-03-08 23:48:24,2024-04-02 23:48:24
U03770,ORG00075,OBSERVER,2024-11-08 07:34:27,2024-11-09 07:34:27
U03609,ORG00012,VOLUNTEER,2024-01-21 17:03:13,2024-02-01 17:03:13
U02157,ORG00206,CONTACT,2024-05-12 04:44:05,2024-05-29 04:44:05
U00158,ORG00499,MEMBER,2025-02-28 11:38:09,2025-03-24 11:38:09
U02854,ORG00153,MEMBER,2025-03-09 00:43:44,2025-03-19 00:43:44
U02541,ORG00175,ADMIN,2025-01-15 20:38:48,2025-02-04 20:38:48
U04635,ORG00351,OBSERVER,2024-07-08 15:49:13,2024-08-01 15:49:13
U02562,ORG00452,OBSERVER,2025-06-25 13:34:11,2025-07-08 13:34:11
U04634,ORG00398,OBSERVER,2024-02-06 14:38:15,2024-02-09 14:38:15
U03337,ORG00388,ADMIN,2025-09-05 23:56:08,2025-09-11 23:56:08
U00713,ORG00261,CONTACT,2025-07-25 15:01:34,2025-08-17 15:01:34
U04854,ORG00342,VOLUNTEER,2025-09-02 19:18:46,2025-09-26 19:18:46
U00349,ORG00440,CONTACT,2024-11-01 17:25:14,2024-11-11 17:25:14
U03610,ORG00012,MEMBER,2024-01-29 22:49:09,2024-02-02 22:49:09
U04429,ORG00399,CONTACT,2025-05-01 01:04:12,2025-05-02 01:04:12
U04520,ORG00374,VOLUNTEER,2025-07-02 06:22:55,2025-07-13 06:22:55
U02473,ORG00479,OBSERVER,2025-01-22 05:59:19,2025-02-15 05:59:19
U00162,ORG00428,CONTACT,2025-01-18 14:44:28,2025-02-12 14:44:28
U03180,ORG00317,OBSERVER,2025-12-08 18:22:49,2025-12-25 18:22:49
U02498,ORG00254,MEMBER,2026-03-06 10:08:41,2026-03-13 10:08:41
U01825,ORG00306,VOLUNTEER,2024-06-27 04:48:48,2024-07-07 04:48:48
U01279,ORG00474,ADMIN,2024-03-06 08:00:08,2024-03-15 08:00:08
U03789,ORG00091,OBSERVER,2025-07-18 04:25:06,2025-07-28 04:25:06
U04898,ORG00246,CONTACT,2025-07-13 08:47:24,2025-07-31 08:47:24
U00129,ORG00163,CONTACT,2025-03-17 06:41:45,2025-03-25 06:41:45
U00157,ORG00203,VOLUNTEER,2024-04-06 11:00:14,2024-04-22 11:00:14
U03085,ORG00161,MEMBER,2024-08-25 08:57:42,2024-09-14 08:57:42
U01145,ORG00169,OBSERVER,2025-10-20 03:04:06,2025-11-05 03:04:06
U01533,ORG00342,VOLUNTEER,2025-08-24 14:18:11,2025-09-22 14:18:11
U02536,ORG00054,MEMBER,2024-12-16 20:17:54,2024-12-31 20:17:54
U04144,ORG00028,ADMIN,2025-05-16 13:32:27,2025-05-20 13:32:27
U00568,ORG00449,CONTACT,2025-12-02 17:10:44,2025-12-30 17:10:44
U02859,ORG00273,MEMBER,2025-01-20 17:08:40,2025-02-09 17:08:40
U04568,ORG00067,CONTACT,2025-04-18 16:05:32,2025-05-12 16:05:32
U04210,ORG00272,OBSERVER,2024-02-27 19:09:40,2024-03-09 19:09:40
U04349,ORG00175,MEMBER,2025-02-12 21:07:25,2025-02-20 21:07:25
U02353,ORG00499,CONTACT,2024-03-16 15:15:17,2024-03-20 15:15:17
U02795,ORG00147,OBSERVER,2026-03-14 02:34:14,2026-03-14 02:34:14
U04701,ORG00235,ADMIN,2024-01-05 15:43:18,2024-01-06 15:43:18
U00045,ORG00218,CONTACT,2024-10-30 15:19:03,2024-10-30 15:19:03
U00416,ORG00029,MEMBER,2024-08-21 18:12:30,2024-08-30 18:12:30
U01291,ORG00465,VOLUNTEER,2024-02-03 21:14:19,2024-02-24 21:14:19
U00862,ORG00380,CONTACT,2024-11-11 12:21:49,2024-11-23 12:21:49
U03436,ORG00153,ADMIN,2024-03-28 09:56:01,2024-04-14 09:56:01
U03043,ORG00238,CONTACT,2024-03-03 06:31:01,2024-04-01 06:31:01
U00770,ORG00256,VOLUNTEER,2024-08-01 17:55:52,2024-08-12 17:55:52
U03647,ORG00027,OBSERVER,2025-09-05 01:45:44,2025-09-12 01:45:44
U00125,ORG00496,ADMIN,2024-08-08 13:00:43,2024-08-18 13:00:43
U03873,ORG00417,ADMIN,2024-08-21 00:01:39,2024-08-29 00:01:39
U04673,ORG00309,VOLUNTEER,2025-09-17 00:11:29,2025-09-19 00:11:29
U02290,ORG00403,VOLUNTEER,2024-02-09 06:09:47,2024-03-07 06:09:47
U00676,ORG00353,MEMBER,2025-12-06 07:33:10,2025-12-10 07:33:10
U01981,ORG00201,MEMBER,2024-05-26 20:26:14,2024-06-12 20:26:14
U04976,ORG00005,OBSERVER,2025-12-18 15:53:32,2026-01-03 15:53:32
U04242,ORG00469,MEMBER,2024-01-07 08:10:37,2024-01-12 08:10:37
U01807,ORG00198,CONTACT,2024-08-03 11:03:22,2024-08-26 11:03:22
U03858,ORG00072,MEMBER,2024-08-24 02:17:11,2024-09-05 02:17:11
U00515,ORG00443,MEMBER,2025-02-26 02:51:31,2025-03-07 02:51:31
U01650,ORG00384,OBSERVER,2025-06-08 17:36:20,2025-07-07 17:36:20
U02106,ORG00359,ADMIN,2026-02-28 08:01:56,2026-03-07 08:01:56
U03560,ORG00226,VOLUNTEER,2025-05-10 03:45:43,2025-05-21 03:45:43
U03819,ORG00467,CONTACT,2024-03-17 02:24:42,2024-04-05 02:24:42
U02228,ORG00458,OBSERVER,2024-08-28 23:53:56,2024-08-30 23:53:56
U03834,ORG00333,OBSERVER,2024-08-04 00:25:13,2024-08-21 00:25:13
U01759,ORG00058,OBSERVER,2024-10-09 11:42:45,2024-10-20 11:42:45
U00429,ORG00097,CONTACT,2025-06-10 01:08:11,2025-07-10 01:08:11
U01062,ORG00135,MEMBER,2024-10-03 11:47:28,2024-10-19 11:47:28
U04391,ORG00050,OBSERVER,2024-05-03 12:34:12,2024-05-24 12:34:12
U04045,ORG00106,VOLUNTEER,2025-11-30 09:46:49,2025-12-26 09:46:49
U04309,ORG00297,MEMBER,2024-10-26 10:19:03,2024-10-28 10:19:03
U01794,ORG00037,ADMIN,2024-02-09 18:29:01,2024-03-07 18:29:01
U02251,ORG00049,VOLUNTEER,2025-03-18 06:51:06,2025-03-29 06:51:06
U03269,ORG00485,ADMIN,2026-02-16 23:57:59,2026-02-22 23:57:59
U04961,ORG00189,ADMIN,2025-12-19 20:49:40,2026-01-12 20:49:40
U02733,ORG00460,VOLUNTEER,2025-06-07 12:11:56,2025-06-21 12:11:56
U03026,ORG00480,VOLUNTEER,2024-10-23 11:52:51,2024-10-23 11:52:51
U01140,ORG00498,MEMBER,2024-09-11 14:22:39,2024-09-13 14:22:39
U02522,ORG00280,VOLUNTEER,2025-03-21 23:23:12,2025-04-04 23:23:12
U01473,ORG00159,OBSERVER,2024-08-29 10:08:11,2024-09-26 10:08:11
U01226,ORG00301,VOLUNTEER,2024-09-13 17:19:18,2024-09-30 17:19:18
U03549,ORG00014,OBSERVER,2024-08-08 19:55:39,2024-08-31 19:55:39
U01437,ORG00202,CONTACT,2025-03-03 02:36:50,2025-03-15 02:36:50
U03477,ORG00068,MEMBER,2026-03-06 15:36:24,2026-03-27 15:36:24
U01856,ORG00438,VOLUNTEER,2026-02-25 21:17:43,2026-03-22 21:17:43
U02031,ORG00051,ADMIN,2026-03-31 11:51:22,2026-04-10 11:51:22
U03366,ORG00150,MEMBER,2024-04-05 23:14:47,2024-04-23 23:14:47
U03215,ORG00428,ADMIN,2024-01-26 11:10:28,2024-02-11 11:10:28
U03568,ORG00088,MEMBER,2024-07-11 18:23:00,2024-07-31 18:23:00
U02606,ORG00024,VOLUNTEER,2025-09-21 11:54:35,2025-10-10 11:54:35
U02787,ORG00033,OBSERVER,2024-06-12 01:34:44,2024-06-13 01:34:44
U02806,ORG00288,ADMIN,2025-05-29 21:00:49,2025-05-30 21:00:49
U03721,ORG00194,ADMIN,2024-04-02 21:07:24,2024-04-13 21:07:24
U01852,ORG00218,OBSERVER,2026-01-08 14:41:23,2026-01-17 14:41:23
U03899,ORG00327,VOLUNTEER,2024-12-03 16:23:53,2024-12-29 16:23:53
U03994,ORG00450,OBSERVER,2024-04-26 23:46:25,2024-05-03 23:46:25
U04642,ORG00244,CONTACT,2024-02-25 02:46:39,2024-03-11 02:46:39
U04763,ORG00054,OBSERVER,2025-07-11 13:51:17,2025-07-23 13:51:17
U03561,ORG00292,ADMIN,2025-05-19 12:33:20,2025-06-14 12:33:20
U04523,ORG00203,ADMIN,2024-12-21 18:53:47,2025-01-12 18:53:47
U00983,ORG00044,ADMIN,2024-06-06 04:51:45,2024-07-04 04:51:45
U00374,ORG00112,MEMBER,2024-11-11 01:41:59,2024-11-25 01:41:59
U03787,ORG00313,VOLUNTEER,2026-01-25 14:16:06,2026-02-04 14:16:06
U01060,ORG00378,ADMIN,2024-08-26 03:58:53,2024-09-09 03:58:53
U01417,ORG00129,CONTACT,2025-02-09 03:04:13,2025-02-10 03:04:13
U00523,ORG00358,ADMIN,2024-11-02 10:17:26,2024-11-26 10:17:26
U04302,ORG00023,ADMIN,2026-04-06 22:33:54,2026-04-26 22:33:54
U04707,ORG00063,ADMIN,2025-04-29 10:27:12,2025-05-22 10:27:12
U00017,ORG00287,VOLUNTEER,2025-04-30 11:40:55,2025-05-13 11:40:55
U02897,ORG00026,CONTACT,2025-12-11 14:20:32,2025-12-13 14:20:32
U02669,ORG00437,OBSERVER,2025-12-08 16:15:51,2026-01-03 16:15:51
U01083,ORG00231,OBSERVER,2024-02-10 03:42:01,2024-02-16 03:42:01
U00734,ORG00415,ADMIN,2025-05-13 22:50:43,2025-05-17 22:50:43
U00387,ORG00490,OBSERVER,2025-09-19 02:40:59,2025-10-03 02:40:59
U02062,ORG00422,VOLUNTEER,2026-02-27 06:56:22,2026-03-14 06:56:22
U03169,ORG00257,OBSERVER,2025-03-18 18:28:49,2025-04-11 18:28:49
U01014,ORG00306,OBSERVER,2024-12-19 17:43:26,2025-01-02 17:43:26
U01966,ORG00201,MEMBER,2024-10-14 16:44:53,2024-11-09 16:44:53
U00943,ORG00147,CONTACT,2025-02-07 16:37:02,2025-03-08 16:37:02
U02831,ORG00297,OBSERVER,2024-05-23 09:00:40,2024-06-16 09:00:40
U02817,ORG00343,CONTACT,2026-01-30 04:38:51,2026-02-25 04:38:51
U01534,ORG00490,OBSERVER,2025-06-15 16:27:06,2025-07-10 16:27:06
U02190,ORG00494,CONTACT,2026-04-04 01:42:24,2026-04-20 01:42:24
U00314,ORG00038,MEMBER,2025-08-25 23:10:39,2025-09-17 23:10:39
U01586,ORG00386,VOLUNTEER,2024-08-28 03:38:27,2024-09-20 03:38:27
U01790,ORG00297,OBSERVER,2025-05-20 20:36:27,2025-06-18 20:36:27
U01571,ORG00326,ADMIN,2025-02-13 05:43:37,2025-03-09 05:43:37
U00938,ORG00492,CONTACT,2024-01-14 08:38:51,2024-02-11 08:38:51
U04445,ORG00288,CONTACT,2025-05-24 08:21:47,2025-05-28 08:21:47
U04631,ORG00067,MEMBER,2024-01-10 19:11:40,2024-02-08 19:11:40
U03791,ORG00239,MEMBER,2025-05-29 16:05:00,2025-06-22 16:05:00
U02326,ORG00464,OBSERVER,2025-08-25 21:16:15,2025-08-27 21:16:15
U03971,ORG00391,OBSERVER,2025-12-19 21:08:12,2025-12-29 21:08:12
U02983,ORG00337,VOLUNTEER,2026-01-02 08:35:14,2026-01-18 08:35:14
U01413,ORG00471,VOLUNTEER,2024-04-22 12:20:44,2024-05-19 12:20:44
U03466,ORG00043,OBSERVER,2025-11-11 11:18:55,2025-11-16 11:18:55
U04668,ORG00357,OBSERVER,2026-02-18 19:29:08,2026-03-19 19:29:08
U03119,ORG00365,MEMBER,2024-10-31 01:39:50,2024-11-17 01:39:50
U01618,ORG00383,VOLUNTEER,2024-04-02 14:24:02,2024-04-17 14:24:02
U03930,ORG00125,MEMBER,2025-12-12 08:00:18,2026-01-10 08:00:18
U00352,ORG00073,OBSERVER,2025-06-25 09:59:12,2025-06-28 09:59:12
U00988,ORG00043,OBSERVER,2024-08-10 05:06:19,2024-09-05 05:06:19
U01159,ORG00497,VOLUNTEER,2025-10-19 18:18:59,2025-11-15 18:18:59
U00013,ORG00317,ADMIN,2024-03-05 02:36:02,2024-03-22 02:36:02
U01844,ORG00167,MEMBER,2024-08-29 10:35:33,2024-09-20 10:35:33
U02793,ORG00383,ADMIN,2024-12-11 21:59:07,2024-12-19 21:59:07
U02848,ORG00072,OBSERVER,2025-12-26 07:14:02,2025-12-27 07:14:02
U00164,ORG00119,CONTACT,2024-05-26 19:21:18,2024-06-07 19:21:18
U01487,ORG00058,OBSERVER,2024-02-10 21:45:45,2024-02-14 21:45:45
U01899,ORG00250,OBSERVER,2024-11-15 19:22:13,2024-12-04 19:22:13
U02226,ORG00488,OBSERVER,2024-05-14 00:46:02,2024-05-28 00:46:02
U00200,ORG00390,OBSERVER,2024-01-18 04:18:11,2024-01-25 04:18:11
U04321,ORG00129,OBSERVER,2024-07-27 14:22:57,2024-08-09 14:22:57
U00229,ORG00395,OBSERVER,2025-11-04 08:57:49,2025-11-09 08:57:49
U00681,ORG00046,VOLUNTEER,2024-02-20 11:16:14,2024-03-20 11:16:14
U01387,ORG00285,MEMBER,2024-05-10 11:18:23,2024-05-31 11:18:23
U00992,ORG00314,ADMIN,2024-04-14 22:52:25,2024-05-04 22:52:25
U04490,ORG00237,VOLUNTEER,2024-03-14 03:11:16,2024-04-04 03:11:16
U04713,ORG00189,ADMIN,2025-04-08 14:02:46,2025-04-14 14:02:46
U01886,ORG00137,MEMBER,2024-03-24 01:39:21,2024-04-19 01:39:21
U03474,ORG00034,CONTACT,2024-11-01 18:23:00,2024-11-25 18:23:00
U02310,ORG00032,ADMIN,2025-12-22 12:30:41,2025-12-23 12:30:41
U02233,ORG00025,CONTACT,2026-03-05 21:01:49,2026-03-24 21:01:49
U02823,ORG00461,VOLUNTEER,2024-02-14 10:26:43,2024-03-08 10:26:43
U04782,ORG00297,VOLUNTEER,2026-04-08 08:08:28,2026-04-08 08:08:28
U02786,ORG00295,MEMBER,2024-11-23 19:36:38,2024-11-30 19:36:38
U02059,ORG00323,ADMIN,2025-06-17 20:47:33,2025-07-05 20:47:33
U02187,ORG00049,VOLUNTEER,2025-03-13 04:00:22,2025-03-26 04:00:22
U02286,ORG00316,ADMIN,2024-05-28 21:41:46,2024-06-02 21:41:46
U02870,ORG00260,OBSERVER,2025-03-28 08:40:38,2025-04-24 08:40:38
U01175,ORG00016,MEMBER,2025-06-03 23:15:15,2025-06-16 23:15:15
U04051,ORG00477,OBSERVER,2024-06-24 20:54:18,2024-07-17 20:54:18
U02913,ORG00256,CONTACT,2025-04-20 09:03:16,2025-04-20 09:03:16
U00203,ORG00470,OBSERVER,2025-09-13 03:46:37,2025-09-24 03:46:37
U04747,ORG00083,MEMBER,2024-07-24 19:35:24,2024-08-19 19:35:24
U00331,ORG00248,CONTACT,2025-01-25 03:25:56,2025-02-15 03:25:56
U00731,ORG00269,VOLUNTEER,2024-01-30 20:10:42,2024-02-27 20:10:42
U01056,ORG00095,VOLUNTEER,2025-11-03 15:09:43,2025-12-01 15:09:43
U04508,ORG00468,VOLUNTEER,2024-08-07 06:44:41,2024-08-26 06:44:41
U04605,ORG00123,ADMIN,2024-05-08 21:49:20,2024-05-08 21:49:20
U02401,ORG00106,MEMBER,2024-06-18 01:40:45,2024-06-23 01:40:45
U03345,ORG00318,ADMIN,2025-02-18 10:30:52,2025-03-19 10:30:52
U00564,ORG00093,OBSERVER,2024-11-28 05:06:58,2024-12-17 05:06:58
U00245,ORG00151,ADMIN,2024-11-30 12:47:47,2024-12-23 12:47:47
U04500,ORG00436,MEMBER,2025-08-29 20:57:02,2025-08-30 20:57:02
U04685,ORG00384,CONTACT,2024-07-30 23:30:03,2024-08-20 23:30:03
U01488,ORG00297,MEMBER,2024-04-22 18:46:41,2024-05-22 18:46:41
U00533,ORG00325,OBSERVER,2024-10-21 13:12:36,2024-10-25 13:12:36
U01114,ORG00466,VOLUNTEER,2025-07-04 15:32:10,2025-08-01 15:32:10
U02406,ORG00098,ADMIN,2025-03-12 01:35:41,2025-04-04 01:35:41
U04280,ORG00497,ADMIN,2025-10-05 21:41:49,2025-10-14 21:41:49
U03937,ORG00054,ADMIN,2025-12-25 11:07:21,2026-01-11 11:07:21
U03897,ORG00335,CONTACT,2024-03-04 08:30:25,2024-03-08 08:30:25
U02869,ORG00009,MEMBER,2024-11-19 05:30:21,2024-12-15 05:30:21
U03401,ORG00392,CONTACT,2025-05-18 11:13:58,2025-06-12 11:13:58
U04670,ORG00205,ADMIN,2024-11-25 12:06:27,2024-12-01 12:06:27
U04440,ORG00376,OBSERVER,2024-10-01 17:00:57,2024-10-03 17:00:57
U01478,ORG00303,VOLUNTEER,2025-08-18 13:59:55,2025-08-23 13:59:55
U02065,ORG00192,OBSERVER,2024-10-23 00:15:38,2024-10-29 00:15:38
U02491,ORG00472,CONTACT,2024-08-18 00:56:52,2024-08-25 00:56:52
U04238,ORG00351,OBSERVER,2024-04-03 08:56:45,2024-04-11 08:56:45
U04552,ORG00029,CONTACT,2024-10-25 08:59:30,2024-11-03 08:59:30
U02878,ORG00418,VOLUNTEER,2025-04-30 12:08:41,2025-05-03 12:08:41
U03037,ORG00187,CONTACT,2025-12-04 04:55:24,2025-12-21 04:55:24
U04470,ORG00303,MEMBER,2025-04-13 11:41:47,2025-05-01 11:41:47
U03928,ORG00039,ADMIN,2025-02-18 06:31:49,2025-02-26 06:31:49
U01952,ORG00127,VOLUNTEER,2024-02-23 08:43:29,2024-03-08 08:43:29
U01059,ORG00305,OBSERVER,2025-11-07 17:04:57,2025-11-29 17:04:57
U01751,ORG00102,CONTACT,2025-04-20 04:19:24,2025-04-21 04:19:24
U02174,ORG00304,VOLUNTEER,2025-08-02 16:27:26,2025-08-11 16:27:26
U04599,ORG00485,ADMIN,2025-09-18 18:07:34,2025-10-18 18:07:34
U01228,ORG00081,VOLUNTEER,2025-09-21 22:03:30,2025-10-20 22:03:30
U04250,ORG00165,ADMIN,2024-01-27 23:58:43,2024-02-22 23:58:43
U00706,ORG00046,MEMBER,2026-03-15 15:22:45,2026-03-19 15:22:45
U02547,ORG00364,MEMBER,2025-12-07 05:32:58,2025-12-26 05:32:58
U04614,ORG00055,CONTACT,2024-11-05 12:47:23,2024-11-18 12:47:23
U01461,ORG00456,ADMIN,2025-03-02 13:59:03,2025-03-09 13:59:03
U00886,ORG00472,ADMIN,2024-11-04 09:04:52,2024-11-19 09:04:52
U03129,ORG00353,CONTACT,2024-08-08 18:31:20,2024-08-12 18:31:20
U02936,ORG00054,ADMIN,2024-02-18 12:32:58,2024-03-15 12:32:58
U04997,ORG00413,OBSERVER,2025-12-13 18:08:05,2025-12-16 18:08:05
U00529,ORG00071,MEMBER,2024-02-14 13:53:27,2024-03-01 13:53:27
U03563,ORG00076,ADMIN,2024-03-13 17:13:52,2024-03-17 17:13:52
U02892,ORG00194,VOLUNTEER,2026-03-27 09:09:35,2026-03-31 09:09:35
U01682,ORG00170,OBSERVER,2024-08-24 16:05:11,2024-09-16 16:05:11
U02254,ORG00270,VOLUNTEER,2025-12-03 11:05:03,2025-12-06 11:05:03
U04282,ORG00043,OBSERVER,2025-10-19 02:36:02,2025-10-22 02:36:02
U00747,ORG00268,ADMIN,2024-12-29 06:39:37,2025-01-12 06:39:37
U03124,ORG00493,CONTACT,2026-01-26 17:12:04,2026-02-11 17:12:04
U01799,ORG00085,OBSERVER,2025-02-28 14:32:03,2025-03-19 14:32:03
U01265,ORG00272,OBSERVER,2024-04-30 07:11:36,2024-05-13 07:11:36
U00388,ORG00269,VOLUNTEER,2024-12-13 01:48:18,2025-01-06 01:48:18
U04982,ORG00307,ADMIN,2025-12-05 13:17:29,2025-12-19 13:17:29
U03777,ORG00138,VOLUNTEER,2024-03-17 06:03:06,2024-04-07 06:03:06
U01971,ORG00487,VOLUNTEER,2025-07-23 11:50:46,2025-07-25 11:50:46
U00241,ORG00072,OBSERVER,2025-08-29 09:05:46,2025-09-26 09:05:46
U04995,ORG00238,OBSERVER,2025-03-11 15:13:59,2025-03-22 15:13:59
U00008,ORG00383,CONTACT,2025-02-14 22:44:45,2025-03-10 22:44:45
U00895,ORG00167,MEMBER,2025-06-24 17:23:57,2025-06-28 17:23:57
U02956,ORG00186,MEMBER,2026-03-21 21:38:21,2026-04-11 21:38:21
U00854,ORG00304,CONTACT,2026-02-12 06:32:25,2026-02-25 06:32:25
U01379,ORG00394,MEMBER,2025-09-16 03:12:18,2025-10-02 03:12:18
U01649,ORG00282,VOLUNTEER,2024-07-24 21:07:26,2024-07-27 21:07:26
U01691,ORG00233,ADMIN,2025-03-06 04:35:15,2025-04-01 04:35:15
U02461,ORG00001,OBSERVER,2024-03-20 07:22:19,2024-04-01 07:22:19
U03848,ORG00364,ADMIN,2024-09-21 22:28:01,2024-09-24 22:28:01
U04776,ORG00005,ADMIN,2025-07-03 14:48:56,2025-07-03 14:48:56
U00019,ORG00207,MEMBER,2025-07-17 06:07:45,2025-07-19 06:07:45
U00691,ORG00040,ADMIN,2025-03-09 03:59:23,2025-03-10 03:59:23
U03438,ORG00371,ADMIN,2024-10-31 02:13:54,2024-11-30 02:13:54
U03114,ORG00276,CONTACT,2024-04-15 22:26:40,2024-05-11 22:26:40
U04811,ORG00465,MEMBER,2024-01-30 19:40:41,2024-02-05 19:40:41
U03603,ORG00049,ADMIN,2024-05-15 16:15:46,2024-05-28 16:15:46
U03390,ORG00138,MEMBER,2024-04-20 10:29:06,2024-05-15 10:29:06
U03712,ORG00264,MEMBER,2025-02-26 19:22:01,2025-03-09 19:22:01
U01271,ORG00426,VOLUNTEER,2024-09-11 09:58:06,2024-09-19 09:58:06
U04152,ORG00064,MEMBER,2024-01-24 16:18:49,2024-02-18 16:18:49
U00181,ORG00158,OBSERVER,2026-01-26 04:08:23,2026-02-06 04:08:23
U00652,ORG00121,OBSERVER,2024-07-13 09:44:02,2024-07-20 09:44:02
U04822,ORG00158,ADMIN,2025-05-25 22:34:36,2025-05-25 22:34:36
U02032,ORG00351,CONTACT,2024-11-16 17:04:15,2024-11-26 17:04:15
U02030,ORG00134,ADMIN,2024-02-19 21:17:10,2024-03-10 21:17:10
U00379,ORG00047,CONTACT,2025-12-17 19:03:10,2025-12-21 19:03:10
U00951,ORG00313,OBSERVER,2025-09-22 07:28:30,2025-10-07 07:28:30
U04380,ORG00345,MEMBER,2025-03-06 23:55:15,2025-03-23 23:55:15
U01448,ORG00185,MEMBER,2024-12-12 16:29:40,2024-12-17 16:29:40
U00673,ORG00373,CONTACT,2025-08-20 12:31:07,2025-09-10 12:31:07
U04653,ORG00394,MEMBER,2025-02-02 01:54:34,2025-02-22 01:54:34
U04273,ORG00387,MEMBER,2024-03-25 06:33:32,2024-04-22 06:33:32
U04377,ORG00373,ADMIN,2025-06-08 01:02:54,2025-06-09 01:02:54
U00384,ORG00057,CONTACT,2025-03-26 17:13:45,2025-04-02 17:13:45
U04672,ORG00185,MEMBER,2026-03-12 20:02:21,2026-04-10 20:02:21
U00324,ORG00103,ADMIN,2025-03-26 03:14:36,2025-03-26 03:14:36
U03207,ORG00182,OBSERVER,2024-09-12 13:41:19,2024-09-18 13:41:19
U03407,ORG00417,VOLUNTEER,2024-12-22 10:11:43,2025-01-14 10:11:43
U01075,ORG00076,ADMIN,2025-11-09 13:50:32,2025-11-11 13:50:32
U01012,ORG00196,CONTACT,2025-10-20 23:34:31,2025-10-26 23:34:31
U00628,ORG00203,MEMBER,2025-10-31 10:07:52,2025-11-17 10:07:52
U04162,ORG00237,CONTACT,2025-10-20 22:30:59,2025-11-14 22:30:59
U00020,ORG00448,ADMIN,2025-05-23 00:24:09,2025-06-03 00:24:09
U00806,ORG00298,CONTACT,2026-01-31 01:25:29,2026-02-21 01:25:29
U04294,ORG00301,OBSERVER,2025-09-23 01:44:04,2025-10-10 01:44:04
U00278,ORG00450,OBSERVER,2025-01-17 15:05:52,2025-01-18 15:05:52
U01563,ORG00312,ADMIN,2025-10-23 20:40:28,2025-10-28 20:40:28
U03554,ORG00085,ADMIN,2025-10-16 20:28:14,2025-10-23 20:28:14
U03809,ORG00490,CONTACT,2025-07-08 03:54:01,2025-07-25 03:54:01
U00619,ORG00148,OBSERVER,2025-11-28 21:43:26,2025-12-08 21:43:26
U03235,ORG00301,OBSERVER,2025-11-17 17:42:50,2025-11-29 17:42:50
U04932,ORG00190,CONTACT,2024-09-12 16:50:27,2024-09-22 16:50:27
U03149,ORG00246,MEMBER,2024-08-08 07:49:13,2024-08-14 07:49:13
U04663,ORG00262,VOLUNTEER,2026-02-18 10:56:42,2026-03-03 10:56:42
U02423,ORG00123,MEMBER,2025-02-13 17:27:48,2025-03-08 17:27:48
U01972,ORG00362,VOLUNTEER,2025-02-05 10:15:12,2025-03-05 10:15:12
U01866,ORG00116,CONTACT,2025-01-23 01:12:43,2025-01-30 01:12:43
U03697,ORG00110,VOLUNTEER,2025-01-17 10:01:45,2025-01-31 10:01:45
U03381,ORG00050,MEMBER,2024-10-28 20:47:24,2024-11-09 20:47:24
U02647,ORG00338,ADMIN,2024-01-28 02:38:10,2024-02-26 02:38:10
U03963,ORG00346,CONTACT,2025-02-25 11:36:12,2025-03-08 11:36:12
U02887,ORG00422,OBSERVER,2026-01-14 06:48:17,2026-02-13 06:48:17
U03020,ORG00229,VOLUNTEER,2025-07-18 08:24:52,2025-08-16 08:24:52
U04444,ORG00349,OBSERVER,2026-03-20 11:41:25,2026-03-22 11:41:25
U00573,ORG00086,MEMBER,2024-11-14 21:27:22,2024-11-19 21:27:22
U03846,ORG00470,MEMBER,2024-08-03 21:26:33,2024-08-04 21:26:33
U00868,ORG00311,MEMBER,2025-02-23 08:39:43,2025-03-12 08:39:43
U01073,ORG00459,VOLUNTEER,2024-03-24 05:35:59,2024-03-29 05:35:59
U02651,ORG00002,OBSERVER,2024-01-12 21:14:45,2024-02-09 21:14:45
U02229,ORG00078,CONTACT,2025-08-01 20:03:39,2025-08-03 20:03:39
U01604,ORG00070,MEMBER,2025-08-23 11:58:43,2025-09-01 11:58:43
U03668,ORG00115,VOLUNTEER,2024-03-30 18:46:19,2024-04-13 18:46:19
U02652,ORG00051,MEMBER,2024-03-06 00:44:59,2024-03-29 00:44:59
U01321,ORG00246,MEMBER,2025-05-17 01:20:52,2025-06-11 01:20:52
U01811,ORG00482,VOLUNTEER,2026-01-25 01:34:36,2026-02-20 01:34:36
U04133,ORG00285,MEMBER,2024-07-24 18:09:42,2024-07-31 18:09:42
U01777,ORG00361,OBSERVER,2025-12-12 14:10:48,2026-01-10 14:10:48
U02677,ORG00059,OBSERVER,2025-10-05 09:22:38,2025-10-05 09:22:38
U01350,ORG00153,MEMBER,2025-08-03 09:00:23,2025-08-06 09:00:23
U04024,ORG00485,VOLUNTEER,2026-01-04 17:42:22,2026-01-11 17:42:22
U04184,ORG00107,MEMBER,2025-03-19 08:57:11,2025-04-02 08:57:11
U02019,ORG00459,ADMIN,2024-05-14 16:00:04,2024-05-15 16:00:04
U02586,ORG00044,VOLUNTEER,2025-04-12 03:46:45,2025-04-28 03:46:45
U02923,ORG00317,OBSERVER,2025-08-06 12:25:31,2025-08-11 12:25:31
U00491,ORG00264,OBSERVER,2024-11-20 21:08:05,2024-11-29 21:08:05
U02610,ORG00470,MEMBER,2026-03-22 10:06:08,2026-04-05 10:06:08
U02453,ORG00192,OBSERVER,2025-11-06 13:02:30,2025-12-04 13:02:30
U01367,ORG00493,VOLUNTEER,2025-09-15 05:28:47,2025-10-05 05:28:47
U02575,ORG00174,VOLUNTEER,2024-07-19 13:02:41,2024-08-18 13:02:41
U00550,ORG00383,CONTACT,2024-03-29 08:28:34,2024-04-15 08:28:34
U03740,ORG00162,CONTACT,2024-11-12 04:19:42,2024-12-09 04:19:42
U02354,ORG00339,MEMBER,2024-08-20 05:12:26,2024-08-31 05:12:26
U00330,ORG00174,ADMIN,2025-04-10 13:25:10,2025-04-22 13:25:10
U04281,ORG00082,CONTACT,2025-08-03 23:43:54,2025-08-27 23:43:54
U04483,ORG00358,OBSERVER,2025-07-24 23:22:17,2025-08-11 23:22:17
U00211,ORG00420,MEMBER,2024-06-12 21:28:45,2024-06-13 21:28:45
U01733,ORG00151,VOLUNTEER,2025-01-02 11:15:16,2025-01-10 11:15:16
U02375,ORG00262,ADMIN,2025-08-29 05:45:18,2025-09-09 05:45:18
U00293,ORG00422,ADMIN,2025-09-02 15:34:33,2025-09-28 15:34:33
U04485,ORG00226,VOLUNTEER,2024-02-12 08:56:37,2024-03-07 08:56:37
U02835,ORG00142,VOLUNTEER,2024-10-27 21:37:07,2024-11-01 21:37:07
U01711,ORG00388,ADMIN,2025-08-02 01:44:43,2025-08-22 01:44:43
U04101,ORG00496,CONTACT,2025-10-26 06:35:58,2025-11-22 06:35:58
U02565,ORG00296,OBSERVER,2024-01-10 16:58:33,2024-01-25 16:58:33
U02264,ORG00136,CONTACT,2024-12-15 22:55:18,2025-01-10 22:55:18
U02736,ORG00168,ADMIN,2025-01-29 13:10:53,2025-02-02 13:10:53
U01625,ORG00224,CONTACT,2025-02-03 00:12:19,2025-02-24 00:12:19
U01919,ORG00080,OBSERVER,2026-02-23 16:12:05,2026-03-03 16:12:05
U01068,ORG00030,VOLUNTEER,2024-03-13 19:44:33,2024-04-03 19:44:33
U03891,ORG00499,OBSERVER,2025-08-10 19:21:35,2025-08-11 19:21:35
U01369,ORG00436,ADMIN,2024-07-27 06:36:06,2024-08-01 06:36:06
U00248,ORG00236,MEMBER,2026-04-06 04:30:14,2026-05-06 04:30:14
U02319,ORG00223,MEMBER,2025-05-21 21:19:32,2025-06-12 21:19:32
U04502,ORG00463,VOLUNTEER,2024-09-05 21:27:11,2024-09-06 21:27:11
U01864,ORG00162,MEMBER,2025-09-14 12:00:16,2025-09-23 12:00:16
U03201,ORG00079,ADMIN,2025-12-11 03:23:53,2026-01-08 03:23:53
U03255,ORG00449,ADMIN,2025-04-25 13:44:40,2025-04-28 13:44:40
U01929,ORG00102,CONTACT,2026-01-10 15:19:08,2026-01-10 15:19:08
U03178,ORG00244,MEMBER,2024-03-09 15:45:56,2024-03-21 15:45:56
U03730,ORG00415,MEMBER,2025-05-06 23:17:19,2025-05-31 23:17:19
U00104,ORG00343,VOLUNTEER,2025-02-25 07:09:22,2025-03-12 07:09:22
U00484,ORG00391,CONTACT,2024-05-27 11:12:26,2024-06-15 11:12:26
U00773,ORG00020,VOLUNTEER,2026-02-13 08:20:10,2026-02-25 08:20:10
U01084,ORG00475,VOLUNTEER,2024-12-11 23:05:17,2024-12-31 23:05:17
U00213,ORG00410,CONTACT,2024-01-31 13:32:34,2024-02-09 13:32:34
U00857,ORG00004,VOLUNTEER,2024-11-12 23:28:04,2024-12-12 23:28:04
U03969,ORG00451,OBSERVER,2025-06-30 08:55:35,2025-07-29 08:55:35
U01257,ORG00389,VOLUNTEER,2024-06-11 17:30:55,2024-07-10 17:30:55
U03287,ORG00010,MEMBER,2025-06-11 20:20:31,2025-06-23 20:20:31
U04683,ORG00031,ADMIN,2025-11-25 01:52:29,2025-12-24 01:52:29
U00051,ORG00221,OBSERVER,2024-07-21 07:31:38,2024-08-11 07:31:38
U03691,ORG00326,CONTACT,2025-04-26 00:29:29,2025-05-24 00:29:29
U04862,ORG00416,ADMIN,2025-05-12 21:35:34,2025-05-30 21:35:34
U01667,ORG00282,ADMIN,2024-10-23 10:21:02,2024-11-16 10:21:02
U00537,ORG00084,ADMIN,2026-03-26 09:31:52,2026-04-03 09:31:52
U04880,ORG00076,MEMBER,2025-09-04 18:25:51,2025-09-27 18:25:51
U00697,ORG00421,MEMBER,2024-12-01 04:58:55,2024-12-24 04:58:55
U01158,ORG00201,CONTACT,2024-07-31 16:24:49,2024-08-20 16:24:49
U00682,ORG00474,CONTACT,2024-02-17 20:57:54,2024-02-23 20:57:54
U01320,ORG00224,OBSERVER,2024-03-24 08:18:17,2024-04-08 08:18:17
U02681,ORG00156,CONTACT,2025-03-01 22:55:14,2025-03-09 22:55:14
U01375,ORG00352,ADMIN,2024-07-28 08:34:48,2024-08-19 08:34:48
U00869,ORG00409,CONTACT,2024-03-05 17:13:09,2024-04-04 17:13:09
U04122,ORG00236,ADMIN,2024-08-30 20:39:00,2024-09-11 20:39:00
U00071,ORG00477,ADMIN,2025-01-08 03:24:35,2025-01-31 03:24:35
U02140,ORG00289,CONTACT,2024-12-23 09:52:47,2025-01-04 09:52:47
U02824,ORG00445,CONTACT,2025-02-02 22:49:13,2025-02-08 22:49:13
U04416,ORG00343,OBSERVER,2025-04-26 18:18:53,2025-05-02 18:18:53
U02779,ORG00261,VOLUNTEER,2025-08-18 19:07:42,2025-08-28 19:07:42
U04516,ORG00295,OBSERVER,2024-05-17 16:24:48,2024-06-01 16:24:48
U01308,ORG00261,ADMIN,2026-02-17 18:35:18,2026-03-09 18:35:18
U04325,ORG00357,VOLUNTEER,2024-10-01 00:21:03,2024-10-17 00:21:03
U02911,ORG00377,CONTACT,2024-06-01 20:00:11,2024-06-19 20:00:11
U03935,ORG00420,CONTACT,2025-06-12 06:58:24,2025-06-20 06:58:24
U00033,ORG00474,OBSERVER,2024-06-08 01:14:35,2024-07-04 01:14:35
U04526,ORG00009,OBSERVER,2025-10-01 09:19:45,2025-10-25 09:19:45
U03444,ORG00063,MEMBER,2024-02-19 15:58:57,2024-03-20 15:58:57
U01786,ORG00309,VOLUNTEER,2025-03-06 21:31:30,2025-04-04 21:31:30
U00300,ORG00140,OBSERVER,2025-01-22 02:21:09,2025-02-02 02:21:09
U03529,ORG00307,MEMBER,2024-05-11 22:20:37,2024-06-10 22:20:37
U00813,ORG00362,VOLUNTEER,2025-07-04 09:58:06,2025-07-10 09:58:06
U00115,ORG00068,MEMBER,2024-02-14 05:05:45,2024-03-10 05:05:45
U03138,ORG00180,OBSERVER,2026-01-04 07:49:26,2026-02-01 07:49:26
U01963,ORG00129,VOLUNTEER,2025-05-01 15:57:02,2025-05-17 15:57:02
