user_id,cat_id,skill_level,created_at,last_updated_at
SID-00-000-000-000-000-001,3.2,ADVANCED,2026-02-24 16:38:29,2026-06-04 06:55:49
SID-00-000-000-000-000-002,5.1,ADVANCED,2024-10-27 07:18:22,2026-06-05 20:40:37
SID-00-000-000-000-000-002,7.1,BEGINNER,2025-02-04 00:15:11,2025-08-05 15:29:40
SID-00-000-000-000-000-002,8.2,INTERMEDIATE,2025-09-16 12:31:28,2025-10-14 02:11:35
SID-00-000-000-000-000-002,2.1,BEGINNER,2026-07-18 17:58:40,2026-07-27 16:57:31
SID-00-000-000-000-000-003,3,BEGINNER,2025-06-29 07:02:14,2026-01-31 12:14:31
SID-00-000-000-000-000-004,4.1,BEGINNER,2025-04-16 23:33:17,2026-01-05 16:14:42
SID-00-000-000-000-000-004,7,BEGINNER,2025-02-02 23:36:49,2026-01-29 12:30:56
SID-00-000-000-000-000-004,5.1,ADVANCED,2025-12-03 17:36:15,2026-06-19 08:22:34
SID-00-000-000-000-000-004,7.2,BEGINNER,2024-08-28 07:38:49,2026-02-28 21:16:45
SID-00-000-000-000-000-004,1.3.1,INTERMEDIATE,2025-08-20 15:44:01,2026-08-28 08:12:04
SID-00-000-000-000-000-005,3.2,BEGINNER,2026-04-05 23:28:53,2026-06-26 03:38:21
SID-00-000-000-000-000-006,4,ADVANCED,2024-06-16 18:08:57,2026-08-17 06:59:02
SID-00-000-000-000-000-007,2.1,EXPERT,2026-04-24 01:57:01,2026-06-03 16:00:07
SID-00-000-000-000-000-007,8.2,EXPERT,2024-10-15 20:21:34,2025-03-12 23:04:30
SID-00-000-000-000-000-007,5.2,BEGINNER,2024-08-01 23:36:38,2025-03-24 16:47:57
SID-00-000-000-000-000-007,8,EXPERT,2026-07-09 10:44:45,2026-09-04 04:01:33
SID-00-000-000-000-000-008,1,ADVANCED,2025-08-28 16:21:44,2025-12-30 23:29:37
SID-00-000-000-000-000-009,3.2,ADVANCED,2026-05-25 22:52:30,2026-06-15 01:36:19
SID-00-000-000-000-000-010,4.1,INTERMEDIATE,2025-04-29 04:09:40,2025-06-10 12:44:01
SID-00-000-000-000-000-011,5,ADVANCED,2024-01-07 19:11:50,2026-01-28 16:54:00
SID-00-000-000-000-000-012,4,INTERMEDIATE,2025-01-03 07:41:32,2025-08-15 17:35:34
SID-00-000-000-000-000-013,2.2,EXPERT,2024-04-16 22:56:27,2025-05-06 14:28:13
SID-00-000-000-000-000-014,3.2,INTERMEDIATE,2026-01-05 03:18:11,2026-01-06 14:00:20
SID-00-000-000-000-000-015,3,ADVANCED,2024-02-09 14:41:34,2025-02-16 05:11:57
SID-00-000-000-000-000-016,1.3.2,BEGINNER,2026-08-02 08:14:53,2026-09-10 07:45:08
SID-00-000-000-000-000-016,7,INTERMEDIATE,2025-02-18 08:35:13,2025-12-28 17:33:17
SID-00-000-000-000-000-016,2,EXPERT,2024-11-15 16:32:52,2026-04-07 11:36:23
SID-00-000-000-000-000-016,5,EXPERT,2025-05-08 19:53:32,2026-08-04 12:45:58
SID-00-000-000-000-000-017,1.3,ADVANCED,2026-02-19 00:42:33,2026-03-16 18:07:14
SID-00-000-000-000-000-018,8,ADVANCED,2025-11-04 11:40:47,2025-11-20 15:29:50
SID-00-000-000-000-000-019,6.1,ADVANCED,2025-12-26 15:11:01,2026-04-17 20:22:29
SID-00-000-000-000-000-020,1.2,INTERMEDIATE,2026-01-18 17:24:43,2026-03-18 00:20:20
SID-00-000-000-000-000-021,1.3.2,ADVANCED,2024-10-03 15:22:29,2024-12-24 00:01:33
SID-00-000-000-000-000-021,2.1,EXPERT,2026-09-05 08:22:29,2026-09-06 17:55:20
SID-00-000-000-000-000-022,7.1,INTERMEDIATE,2026-02-09 04:38:34,2026-03-03 05:30:20
SID-00-000-000-000-000-023,6,BEGINNER,2025-09-10 20:17:21,2025-11-04 03:40:54
SID-00-000-000-000-000-024,1.1,INTERMEDIATE,2024-09-26 11:30:59,2025-02-10 19:04:02
SID-00-000-000-000-000-025,6.1,EXPERT,2024-07-15 10:46:50,2026-05-27 04:03:06
SID-00-000-000-000-000-026,3,INTERMEDIATE,2025-11-19 22:57:06,2026-09-05 03:15:34
SID-00-000-000-000-000-027,5,BEGINNER,2024-03-01 08:50:06,2025-03-30 19:49:43
SID-00-000-000-000-000-028,2.2,EXPERT,2024-12-23 18:12:51,2026-08-06 07:17:00
SID-00-000-000-000-000-029,1.1,ADVANCED,2024-06-27 20:14:46,2024-06-28 06:36:08
SID-00-000-000-000-000-030,5,EXPERT,2024-10-02 16:14:35,2025-12-06 06:58:00
SID-00-000-000-000-000-031,5,BEGINNER,2024-12-23 18:20:04,2025-07-02 08:42:50
SID-00-000-000-000-000-032,7,ADVANCED,2026-01-28 03:16:09,2026-02-26 13:38:04
SID-00-000-000-000-000-032,5.2,ADVANCED,2025-12-30 10:21:15,2026-04-01 10:17:18
SID-00-000-000-000-000-033,2.2,BEGINNER,2024-07-25 16:08:47,2025-05-20 04:54:54
SID-00-000-000-000-000-034,7.2,INTERMEDIATE,2025-08-15 04:56:17,2025-08-31 06:49:47
SID-00-000-000-000-000-035,4.2,ADVANCED,2026-06-29 16:37:23,2026-07-05 04:21:52
SID-00-000-000-000-000-036,5,INTERMEDIATE,2026-08-31 19:26:50,2026-09-02 20:50:48
SID-00-000-000-000-000-037,2,ADVANCED,2025-02-15 12:30:28,2026-03-29 21:34:24
SID-00-000-000-000-000-038,4.2,EXPERT,2024-04-25 13:12:06,2025-05-09 07:16:58
SID-00-000-000-000-000-038,6.2,BEGINNER,2025-02-16 07:12:08,2026-08-02 17:49:29
SID-00-000-000-000-000-038,7.1,INTERMEDIATE,2024-06-13 06:20:23,2025-01-23 23:50:49
SID-00-000-000-000-000-039,6,INTERMEDIATE,2024-02-29 19:41:48,2026-08-16 13:27:53
SID-00-000-000-000-000-040,4,BEGINNER,2025-11-04 17:44:24,2026-08-01 17:53:25
SID-00-000-000-000-000-040,5,EXPERT,2024-06-11 20:52:41,2026-02-18 07:33:44
SID-00-000-000-000-000-041,4,INTERMEDIATE,2025-01-29 10:26:56,2025-07-08 11:58:11
SID-00-000-000-000-000-042,6,EXPERT,2024-08-02 07:44:49,2026-01-20 13:46:02
SID-00-000-000-000-000-043,7.2,INTERMEDIATE,2025-05-31 16:07:43,2025-10-20 11:08:17
SID-00-000-000-000-000-044,2.2,BEGINNER,2025-06-27 07:35:46,2025-09-10 17:18:54
SID-00-000-000-000-000-045,3,ADVANCED,2024-02-08 11:09:55,2024-06-27 12:52:12
SID-00-000-000-000-000-046,2.2,INTERMEDIATE,2026-08-22 08:14:19,2026-09-10 19:03:49
SID-00-000-000-000-000-046,8.1,ADVANCED,2025-06-10 00:59:37,2025-06-10 16:22:50
SID-00-000-000-000-000-046,1.1,ADVANCED,2025-09-14 13:26:19,2026-08-31 23:00:31
SID-00-000-000-000-000-046,6.2,ADVANCED,2024-03-22 21:56:28,2025-12-19 07:13:43
SID-00-000-000-000-000-047,4.1,BEGINNER,2024-10-17 04:14:53,2026-08-31 18:34:28
SID-00-000-000-000-000-047,6.1,ADVANCED,2026-03-21 17:58:23,2026-04-28 17:44:36
SID-00-000-000-000-000-048,1,BEGINNER,2025-06-12 18:58:17,2026-09-01 07:58:42
SID-00-000-000-000-000-049,7.1,INTERMEDIATE,2026-07-19 12:37:09,2026-08-02 06:53:28
SID-00-000-000-000-000-049,4,ADVANCED,2026-03-14 18:39:34,2026-04-23 12:59:54
SID-00-000-000-000-000-050,6.2,INTERMEDIATE,2026-03-05 19:25:17,2026-07-26 06:00:45
SID-00-000-000-000-000-051,7.2,EXPERT,2025-12-15 15:58:23,2026-03-24 22:52:19
SID-00-000-000-000-000-052,1.3.2,INTERMEDIATE,2025-03-28 00:57:24,2026-06-04 21:43:53
SID-00-000-000-000-000-053,5,ADVANCED,2026-07-17 06:16:23,2026-07-27 07:36:28
SID-00-000-000-000-000-054,1.3.2,INTERMEDIATE,2026-05-21 02:08:09,2026-08-21 09:26:51
SID-00-000-000-000-000-055,1.2,EXPERT,2025-02-23 13:44:42,2025-11-07 09:37:05
SID-00-000-000-000-000-056,5.1,BEGINNER,2024-05-15 02:16:16,2026-02-11 03:37:04
SID-00-000-000-000-000-057,4,BEGINNER,2024-04-18 06:35:55,2024-04-30 03:25:40
SID-00-000-000-000-000-057,1,ADVANCED,2024-05-10 01:32:25,2026-02-26 16:41:05
SID-00-000-000-000-000-058,6.2,BEGINNER,2025-08-13 01:01:53,2026-06-21 05:09:09
SID-00-000-000-000-000-059,1.3,INTERMEDIATE,2024-11-28 23:24:58,2026-03-04 13:07:04
SID-00-000-000-000-000-059,5.2,EXPERT,2024-05-17 00:03:28,2026-02-19 10:37:16
SID-00-000-000-000-000-059,7.2,EXPERT,2026-03-13 10:01:10,2026-05-08 05:35:50
SID-00-000-000-000-000-059,8.2,ADVANCED,2024-06-01 00:59:11,2024-07-17 12:39:13
SID-00-000-000-000-000-060,1.3,ADVANCED,2026-03-22 17:25:35,2026-04-09 10:31:26
SID-00-000-000-000-000-060,1,EXPERT,2024-04-10 22:12:02,2026-06-02 17:35:22
SID-00-000-000-000-000-061,2.1,INTERMEDIATE,2024-01-24 14:48:16,2025-03-09 19:55:57
SID-00-000-000-000-000-062,3,EXPERT,2024-08-10 06:29:08,2026-06-10 19:45:21
SID-00-000-000-000-000-063,7.1,BEGINNER,2026-06-06 04:31:53,2026-07-23 19:15:40
SID-00-000-000-000-000-063,8.2,ADVANCED,2024-08-08 22:19:20,2026-08-08 18:44:28
SID-00-000-000-000-000-064,6.1,BEGINNER,2024-11-24 09:14:40,2025-07-18 17:31:18
SID-00-000-000-000-000-065,6.1,INTERMEDIATE,2025-02-25 18:29:18,2025-09-02 00:42:38
SID-00-000-000-000-000-065,1.3.1,ADVANCED,2025-10-30 13:29:49,2025-12-16 22:44:17
SID-00-000-000-000-000-065,1.3.2,BEGINNER,2025-09-06 18:17:28,2025-12-21 17:39:03
SID-00-000-000-000-000-066,5,BEGINNER,2025-10-13 03:27:22,2026-08-19 15:49:24
SID-00-000-000-000-000-067,1.3.1,EXPERT,2025-10-07 08:39:03,2026-01-23 19:28:59
SID-00-000-000-000-000-067,8,EXPERT,2025-03-15 13:09:30,2026-05-23 09:28:50
SID-00-000-000-000-000-068,1.3,BEGINNER,2026-08-02 05:34:00,2026-08-13 07:21:13
SID-00-000-000-000-000-068,6,EXPERT,2024-11-13 21:13:45,2025-02-06 20:06:50
SID-00-000-000-000-000-068,4.1,EXPERT,2024-12-12 23:12:30,2025-10-23 19:01:41
SID-00-000-000-000-000-069,4.1,INTERMEDIATE,2026-02-19 19:20:00,2026-04-28 13:31:54
SID-00-000-000-000-000-069,6.1,EXPERT,2025-01-12 01:18:06,2025-12-11 11:21:39
SID-00-000-000-000-000-070,8.2,EXPERT,2024-08-14 10:23:03,2024-10-16 18:41:22
SID-00-000-000-000-000-071,8,BEGINNER,2025-11-13 09:40:16,2026-06-27 01:59:35
SID-00-000-000-000-000-072,1,ADVANCED,2024-07-19 00:39:09,2026-05-16 20:53:42
SID-00-000-000-000-000-073,1.3.1,ADVANCED,2026-06-25 04:04:16,2026-06-29 19:21:27
SID-00-000-000-000-000-074,8,INTERMEDIATE,2026-03-16 21:45:03,2026-05-08 09:21:37
SID-00-000-000-000-000-075,5.2,INTERMEDIATE,2024-07-26 08:46:25,2025-01-16 18:54:18
SID-00-000-000-000-000-075,4.1,INTERMEDIATE,2024-04-25 08:38:27,2025-12-20 17:49:54
SID-00-000-000-000-000-075,2.1,EXPERT,2025-01-06 10:06:49,2025-01-22 13:27:45
SID-00-000-000-000-000-076,7.1,EXPERT,2024-04-14 07:31:41,2025-09-07 22:41:28
SID-00-000-000-000-000-077,1.3.2,BEGINNER,2024-12-25 09:36:26,2025-02-12 17:44:52
SID-00-000-000-000-000-077,1,EXPERT,2024-01-13 06:40:24,2026-03-30 20:16:53
SID-00-000-000-000-000-077,1.3.1,INTERMEDIATE,2024-05-27 07:43:19,2024-10-26 22:51:24
SID-00-000-000-000-000-078,7.1,EXPERT,2025-04-07 15:52:37,2026-04-19 08:36:15
SID-00-000-000-000-000-078,3,ADVANCED,2026-02-07 21:28:09,2026-07-07 10:42:12
SID-00-000-000-000-000-079,1.1,INTERMEDIATE,2026-05-17 01:24:25,2026-05-20 19:33:08
SID-00-000-000-000-000-080,1,EXPERT,2025-01-25 01:09:45,2025-10-03 15:48:27
SID-00-000-000-000-000-081,8.2,ADVANCED,2024-09-10 22:12:42,2025-11-02 13:48:57
SID-00-000-000-000-000-082,4.1,EXPERT,2024-09-24 11:28:50,2024-11-29 08:28:08
SID-00-000-000-000-000-082,1.3.2,INTERMEDIATE,2026-08-20 06:42:25,2026-08-22 23:56:17
SID-00-000-000-000-000-083,1.1,BEGINNER,2024-08-03 09:41:37,2024-12-22 14:09:55
SID-00-000-000-000-000-084,4.2,EXPERT,2025-10-04 06:09:43,2026-02-19 16:43:32
SID-00-000-000-000-000-084,5,EXPERT,2024-06-11 04:29:31,2026-04-02 09:09:37
SID-00-000-000-000-000-084,3.1,BEGINNER,2024-07-10 14:45:27,2024-10-04 12:14:36
SID-00-000-000-000-000-085,8,ADVANCED,2026-04-13 01:31:28,2026-04-17 07:07:51
SID-00-000-000-000-000-086,1.3,ADVANCED,2024-03-05 06:34:38,2025-09-05 10:51:19
SID-00-000-000-000-000-087,2,ADVANCED,2025-09-20 04:11:37,2025-10-01 16:35:59
SID-00-000-000-000-000-088,6,EXPERT,2025-07-09 18:14:29,2026-03-08 04:13:05
SID-00-000-000-000-000-089,3.1,ADVANCED,2024-04-01 17:16:10,2025-01-02 01:57:33
SID-00-000-000-000-000-090,4,ADVANCED,2024-07-10 18:22:25,2026-02-26 09:37:17
SID-00-000-000-000-000-090,5.1,BEGINNER,2026-08-16 06:27:32,2026-09-03 08:22:42
SID-00-000-000-000-000-091,7.2,INTERMEDIATE,2025-05-10 12:30:27,2026-01-10 19:46:37
SID-00-000-000-000-000-092,8.1,BEGINNER,2025-01-10 23:57:02,2026-01-02 12:07:06
SID-00-000-000-000-000-093,1.3.1,BEGINNER,2025-11-02 10:56:38,2025-11-27 01:40:24
SID-00-000-000-000-000-094,2.1,INTERMEDIATE,2025-10-05 18:03:47,2026-06-24 08:14:43
SID-00-000-000-000-000-094,2,ADVANCED,2026-09-04 12:31:37,2026-09-07 18:30:55
SID-00-000-000-000-000-094,8.1,ADVANCED,2025-03-16 07:41:33,2025-05-26 15:35:55
SID-00-000-000-000-000-094,7,EXPERT,2024-12-20 13:13:51,2026-06-12 07:54:30
SID-00-000-000-000-000-095,7.1,INTERMEDIATE,2026-01-31 18:55:00,2026-04-27 22:12:09
SID-00-000-000-000-000-096,6.1,BEGINNER,2026-09-05 11:51:26,2026-09-06 00:43:43
SID-00-000-000-000-000-096,1.2,BEGINNER,2024-05-20 08:10:24,2026-05-24 17:02:43
SID-00-000-000-000-000-096,1.3.1,INTERMEDIATE,2025-05-05 22:18:43,2025-12-16 04:21:58
SID-00-000-000-000-000-096,6,ADVANCED,2026-07-08 02:39:56,2026-07-18 14:07:56
SID-00-000-000-000-000-096,6.2,BEGINNER,2025-07-21 06:53:54,2025-12-15 12:58:21
SID-00-000-000-000-000-097,8,ADVANCED,2025-03-29 08:51:46,2026-09-03 15:31:59
SID-00-000-000-000-000-098,4.2,EXPERT,2026-06-28 08:58:50,2026-09-06 12:14:00
SID-00-000-000-000-000-098,6.2,EXPERT,2024-02-08 23:01:11,2026-04-30 18:03:20
SID-00-000-000-000-000-099,6.1,ADVANCED,2026-06-21 11:10:51,2026-07-01 23:34:47
SID-00-000-000-000-000-100,6.1,EXPERT,2026-07-25 19:29:37,2026-08-12 10:41:31
SID-00-000-000-000-000-101,2.2,BEGINNER,2026-05-13 08:52:55,2026-09-09 22:39:44
SID-00-000-000-000-000-102,6.2,BEGINNER,2025-12-30 04:27:39,2026-03-02 13:38:51
SID-00-000-000-000-000-102,1.1,EXPERT,2024-06-01 02:08:30,2024-08-27 16:30:24
SID-00-000-000-000-000-103,4,EXPERT,2026-04-20 04:01:48,2026-05-22 05:59:47
SID-00-000-000-000-000-104,3.2,EXPERT,2025-04-05 23:49:44,2026-01-10 20:41:36
SID-00-000-000-000-000-104,4.2,BEGINNER,2024-04-17 08:57:19,2024-09-22 09:44:05
SID-00-000-000-000-000-105,4,ADVANCED,2025-01-30 02:18:26,2025-03-09 01:31:41
SID-00-000-000-000-000-105,8,EXPERT,2026-09-07 11:53:07,2026-09-09 04:47:23
SID-00-000-000-000-000-105,4.1,INTERMEDIATE,2024-04-22 11:55:59,2025-05-23 15:55:49
SID-00-000-000-000-000-105,2,INTERMEDIATE,2026-07-22 08:34:16,2026-07-29 17:25:58
SID-00-000-000-000-000-106,1.1,BEGINNER,2026-08-30 00:08:18,2026-09-08 07:00:08
SID-00-000-000-000-000-107,3.2,BEGINNER,2024-07-29 00:08:46,2025-01-08 16:48:26
SID-00-000-000-000-000-107,8.1,ADVANCED,2026-07-26 09:39:52,2026-08-27 06:14:18
SID-00-000-000-000-000-107,4.1,INTERMEDIATE,2024-09-05 00:54:55,2025-01-12 15:29:02
SID-00-000-000-000-000-107,5,ADVANCED,2024-03-09 03:37:18,2025-03-15 03:10:48
SID-00-000-000-000-000-108,4.2,INTERMEDIATE,2024-07-29 16:18:05,2026-06-20 07:28:27
SID-00-000-000-000-000-108,4.1,EXPERT,2026-03-28 06:14:50,2026-04-12 16:10:27
SID-00-000-000-000-000-108,5.1,INTERMEDIATE,2024-12-02 13:07:27,2026-04-04 04:37:59
SID-00-000-000-000-000-109,4.1,INTERMEDIATE,2025-04-18 22:03:43,2026-01-17 01:41:48
SID-00-000-000-000-000-110,4.1,INTERMEDIATE,2026-03-20 20:20:19,2026-06-26 12:44:45
SID-00-000-000-000-000-110,3.2,INTERMEDIATE,2024-03-17 13:31:50,2025-11-13 16:43:52
SID-00-000-000-000-000-110,7.1,ADVANCED,2024-11-14 13:16:06,2026-09-01 22:17:10
SID-00-000-000-000-000-110,6,INTERMEDIATE,2024-01-14 23:02:05,2026-06-02 14:26:45
SID-00-000-000-000-000-110,4,EXPERT,2025-05-06 10:54:32,2025-10-09 07:11:41
SID-00-000-000-000-000-111,7.2,INTERMEDIATE,2024-01-04 14:50:00,2025-03-21 08:06:37
SID-00-000-000-000-000-112,6.2,INTERMEDIATE,2024-04-05 21:17:09,2024-10-17 01:10:04
SID-00-000-000-000-000-112,6,INTERMEDIATE,2025-02-17 10:52:44,2025-12-26 00:30:13
SID-00-000-000-000-000-113,2,BEGINNER,2024-07-25 09:45:53,2024-12-21 01:13:08
SID-00-000-000-000-000-113,3.2,ADVANCED,2024-12-30 07:58:31,2025-08-12 18:20:07
SID-00-000-000-000-000-114,5.1,EXPERT,2025-11-19 03:04:25,2026-05-30 02:56:51
SID-00-000-000-000-000-114,8.2,EXPERT,2025-02-11 10:17:34,2025-09-02 05:24:55
SID-00-000-000-000-000-114,1.3,BEGINNER,2025-05-29 19:10:42,2026-05-23 18:37:14
SID-00-000-000-000-000-115,4.2,EXPERT,2025-06-27 21:49:42,2025-09-07 11:50:27
SID-00-000-000-000-000-115,4.1,EXPERT,2025-01-10 10:59:57,2026-06-08 17:33:46
SID-00-000-000-000-000-115,3.2,BEGINNER,2025-09-15 23:04:35,2026-05-26 17:48:18
SID-00-000-000-000-000-115,1.3.2,BEGINNER,2026-09-06 10:29:52,2026-09-10 02:44:59
SID-00-000-000-000-000-116,1,EXPERT,2025-08-29 09:36:17,2026-01-31 16:47:01
SID-00-000-000-000-000-117,6.1,BEGINNER,2024-04-08 02:33:50,2025-05-06 12:50:21
SID-00-000-000-000-000-117,5.2,INTERMEDIATE,2025-10-19 00:38:33,2026-07-24 12:16:41
SID-00-000-000-000-000-118,4.2,EXPERT,2025-06-26 18:18:00,2025-08-16 06:49:56
SID-00-000-000-000-000-119,3.2,EXPERT,2026-06-12 11:10:34,2026-08-09 20:20:31
SID-00-000-000-000-000-119,8.1,INTERMEDIATE,2024-01-08 11:36:10,2025-01-08 07:54:13
SID-00-000-000-000-000-119,4.2,ADVANCED,2025-05-14 10:33:22,2025-09-21 02:42:05
SID-00-000-000-000-000-119,4.1,EXPERT,2024-10-29 11:28:48,2026-07-06 16:04:12
SID-00-000-000-000-000-120,1,ADVANCED,2024-02-02 03:38:36,2024-02-27 03:14:06
SID-00-000-000-000-000-120,4.1,ADVANCED,2026-04-07 07:36:55,2026-06-27 15:07:00
SID-00-000-000-000-000-121,6,EXPERT,2026-09-03 22:39:09,2026-09-05 15:36:21
SID-00-000-000-000-000-122,6.2,EXPERT,2025-01-22 00:35:30,2025-02-21 19:36:49
SID-00-000-000-000-000-123,6.2,EXPERT,2025-01-19 03:57:45,2026-03-31 21:54:01
SID-00-000-000-000-000-124,5.1,BEGINNER,2024-04-07 23:37:56,2026-03-18 20:02:51
SID-00-000-000-000-000-124,1.3.2,ADVANCED,2025-09-13 08:06:44,2026-06-24 18:24:30
SID-00-000-000-000-000-124,4.1,ADVANCED,2026-04-03 22:34:16,2026-04-29 09:33:45
SID-00-000-000-000-000-124,2.1,EXPERT,2024-07-19 12:03:25,2024-09-30 13:48:51
SID-00-000-000-000-000-125,8,BEGINNER,2025-08-06 19:05:38,2025-08-17 22:17:11
SID-00-000-000-000-000-126,1,EXPERT,2025-12-31 11:05:33,2026-02-02 13:27:54
SID-00-000-000-000-000-127,8,INTERMEDIATE,2024-07-02 13:41:12,2025-12-06 20:51:09
SID-00-000-000-000-000-127,3.2,INTERMEDIATE,2024-10-19 04:07:18,2025-10-24 14:07:26
SID-00-000-000-000-000-128,8.1,ADVANCED,2026-01-28 01:34:03,2026-06-26 00:20:52
SID-00-000-000-000-000-128,4,BEGINNER,2024-03-22 15:15:46,2024-07-30 08:50:30
SID-00-000-000-000-000-129,6,BEGINNER,2024-04-19 03:45:31,2026-07-09 07:27:11
SID-00-000-000-000-000-129,1.3,INTERMEDIATE,2024-04-15 08:43:20,2024-12-19 13:05:55
SID-00-000-000-000-000-130,5,INTERMEDIATE,2026-04-11 02:37:52,2026-08-28 15:44:03
SID-00-000-000-000-000-131,5,EXPERT,2026-02-21 17:08:43,2026-05-15 23:53:16
SID-00-000-000-000-000-132,1.2,EXPERT,2025-01-04 06:00:25,2025-07-16 00:38:13
SID-00-000-000-000-000-132,2,BEGINNER,2026-03-06 14:41:40,2026-04-09 11:39:15
SID-00-000-000-000-000-132,7,BEGINNER,2026-06-08 04:19:08,2026-08-09 17:30:33
SID-00-000-000-000-000-132,4.1,ADVANCED,2024-04-25 07:57:49,2025-02-17 02:53:18
SID-00-000-000-000-000-133,6.1,ADVANCED,2025-08-13 09:25:53,2025-08-15 08:48:06
SID-00-000-000-000-000-134,2,INTERMEDIATE,2024-01-23 16:04:10,2025-05-29 15:00:29
SID-00-000-000-000-000-134,6.1,INTERMEDIATE,2024-07-31 20:17:41,2025-05-09 05:35:00
SID-00-000-000-000-000-134,1,BEGINNER,2024-01-30 00:36:56,2024-06-10 08:26:26
SID-00-000-000-000-000-134,5.2,ADVANCED,2025-12-17 02:23:59,2026-08-25 21:14:50
SID-00-000-000-000-000-135,2,ADVANCED,2026-07-26 23:27:52,2026-08-12 00:27:14
SID-00-000-000-000-000-136,8.1,EXPERT,2025-05-02 20:51:11,2026-01-12 05:07:47
SID-00-000-000-000-000-137,2.2,EXPERT,2026-04-12 11:58:51,2026-07-30 04:26:49
SID-00-000-000-000-000-137,1.3.2,ADVANCED,2024-04-11 05:57:32,2026-03-12 09:44:09
SID-00-000-000-000-000-137,2,EXPERT,2024-06-12 00:03:50,2024-11-27 23:45:38
SID-00-000-000-000-000-137,7,ADVANCED,2025-03-02 12:52:01,2025-11-06 06:04:14
SID-00-000-000-000-000-138,6.1,ADVANCED,2025-02-26 10:39:18,2026-01-10 22:13:26
SID-00-000-000-000-000-138,1.3,EXPERT,2026-06-02 12:40:50,2026-08-23 20:22:30
SID-00-000-000-000-000-138,4,ADVANCED,2024-06-13 13:45:13,2024-07-11 05:41:10
SID-00-000-000-000-000-139,3,ADVANCED,2025-08-17 05:16:46,2026-07-25 03:43:39
SID-00-000-000-000-000-140,1.3,INTERMEDIATE,2024-06-26 00:37:06,2025-03-13 10:06:27
SID-00-000-000-000-000-141,1.2,INTERMEDIATE,2024-07-30 17:47:21,2025-05-13 18:13:10
SID-00-000-000-000-000-142,1.3,ADVANCED,2024-11-09 11:48:04,2024-11-16 19:13:21
SID-00-000-000-000-000-142,1,ADVANCED,2024-07-29 08:26:58,2025-10-11 08:57:48
SID-00-000-000-000-000-143,5.2,INTERMEDIATE,2024-10-06 01:50:03,2025-03-04 15:26:55
SID-00-000-000-000-000-143,1.2,BEGINNER,2024-04-11 06:33:47,2024-12-12 17:08:29
SID-00-000-000-000-000-143,4,EXPERT,2025-07-18 18:21:55,2026-04-15 16:53:56
SID-00-000-000-000-000-144,3.1,EXPERT,2024-07-13 23:31:12,2024-08-22 03:54:03
SID-00-000-000-000-000-145,2.2,INTERMEDIATE,2025-02-18 11:56:19,2025-04-30 04:02:42
SID-00-000-000-000-000-146,6,BEGINNER,2024-08-20 15:20:23,2024-09-05 14:52:16
SID-00-000-000-000-000-146,4,BEGINNER,2025-09-25 08:49:50,2026-07-22 13:04:58
SID-00-000-000-000-000-147,3,BEGINNER,2024-02-06 09:59:07,2025-06-25 22:05:59
SID-00-000-000-000-000-147,1.3.1,EXPERT,2024-11-27 23:47:56,2024-12-08 14:25:52
SID-00-000-000-000-000-147,8.2,ADVANCED,2024-04-03 14:20:58,2026-03-19 03:46:40
SID-00-000-000-000-000-147,4,EXPERT,2024-09-27 06:41:25,2026-03-19 04:55:07
SID-00-000-000-000-000-148,8,EXPERT,2024-11-04 03:55:58,2025-12-22 23:48:53
SID-00-000-000-000-000-149,4.2,BEGINNER,2025-04-30 10:38:15,2026-03-16 01:35:49
SID-00-000-000-000-000-150,6.1,INTERMEDIATE,2024-08-08 10:19:23,2026-04-30 17:22:21
SID-00-000-000-000-000-150,1.3,EXPERT,2024-04-13 10:53:04,2025-01-22 17:54:06
SID-00-000-000-000-000-150,1,ADVANCED,2024-08-10 17:16:30,2024-10-16 17:24:15
SID-00-000-000-000-000-151,5.2,BEGINNER,2026-05-04 03:02:21,2026-06-06 20:28:32
SID-00-000-000-000-000-151,1,BEGINNER,2024-04-19 00:44:15,2026-07-26 18:04:51
SID-00-000-000-000-000-151,7.1,EXPERT,2024-09-16 12:10:47,2026-01-27 21:38:12
SID-00-000-000-000-000-152,1.3.2,BEGINNER,2026-06-29 01:27:22,2026-08-11 04:49:09
SID-00-000-000-000-000-153,1.3.1,EXPERT,2026-01-10 23:40:13,2026-08-14 17:36:12
SID-00-000-000-000-000-154,7,EXPERT,2025-05-28 09:58:17,2025-09-18 14:27:00
SID-00-000-000-000-000-154,1.3,ADVANCED,2025-10-12 16:31:41,2026-09-03 02:48:29
SID-00-000-000-000-000-155,5,BEGINNER,2024-03-31 07:56:02,2026-02-14 01:29:04
SID-00-000-000-000-000-155,2.1,INTERMEDIATE,2024-12-13 08:40:37,2026-05-29 07:11:40
SID-00-000-000-000-000-156,7.2,EXPERT,2025-11-14 20:17:41,2025-12-07 09:36:47
SID-00-000-000-000-000-156,2,INTERMEDIATE,2024-02-29 07:15:49,2024-03-12 10:36:44
SID-00-000-000-000-000-157,4,INTERMEDIATE,2024-07-03 21:51:28,2024-09-25 10:38:22
SID-00-000-000-000-000-158,8,EXPERT,2026-01-18 07:41:01,2026-04-01 19:28:00
SID-00-000-000-000-000-158,5.1,BEGINNER,2025-10-06 19:18:46,2026-07-21 09:02:39
SID-00-000-000-000-000-158,3.1,ADVANCED,2026-06-18 11:58:56,2026-07-06 23:40:54
SID-00-000-000-000-000-159,4.2,EXPERT,2026-05-03 23:21:11,2026-07-09 17:41:35
SID-00-000-000-000-000-160,2.2,BEGINNER,2025-02-20 07:47:15,2026-03-16 21:37:16
SID-00-000-000-000-000-161,1.3,EXPERT,2026-01-03 02:32:01,2026-03-04 11:04:21
SID-00-000-000-000-000-162,1,ADVANCED,2025-04-13 14:53:37,2026-01-12 05:28:18
SID-00-000-000-000-000-163,5.2,INTERMEDIATE,2024-03-23 17:19:14,2025-04-16 14:23:18
SID-00-000-000-000-000-164,4.1,ADVANCED,2025-05-14 19:11:59,2025-06-09 12:55:39
SID-00-000-000-000-000-165,1.1,EXPERT,2025-09-30 05:51:04,2026-06-10 08:06:34
SID-00-000-000-000-000-166,2,EXPERT,2025-01-31 05:58:36,2026-01-15 09:38:53
SID-00-000-000-000-000-167,1.3,BEGINNER,2025-11-01 06:17:13,2026-05-23 01:04:41
SID-00-000-000-000-000-168,1.1,INTERMEDIATE,2026-05-30 17:42:02,2026-07-29 03:17:38
SID-00-000-000-000-000-169,1.3,EXPERT,2024-09-28 01:15:03,2026-06-19 07:12:10
SID-00-000-000-000-000-170,1.3,ADVANCED,2024-08-04 08:52:55,2026-04-28 22:47:46
SID-00-000-000-000-000-171,1.3.2,ADVANCED,2026-02-12 03:44:39,2026-04-26 10:51:24
SID-00-000-000-000-000-172,3,EXPERT,2024-01-04 01:22:18,2024-07-03 14:36:49
SID-00-000-000-000-000-172,7.2,INTERMEDIATE,2025-12-28 06:22:01,2026-08-04 03:33:11
SID-00-000-000-000-000-173,7,EXPERT,2024-03-09 08:14:26,2024-08-27 21:16:34
SID-00-000-000-000-000-174,1,BEGINNER,2025-10-17 08:59:49,2026-03-07 00:01:24
SID-00-000-000-000-000-175,2.2,BEGINNER,2026-05-17 03:46:39,2026-06-06 02:31:44
SID-00-000-000-000-000-176,5,INTERMEDIATE,2025-07-27 19:52:46,2026-02-13 02:50:09
SID-00-000-000-000-000-177,1.1,ADVANCED,2026-03-16 19:46:00,2026-06-25 21:31:53
SID-00-000-000-000-000-178,5.1,ADVANCED,2024-05-24 05:42:11,2024-08-11 02:23:42
SID-00-000-000-000-000-178,1.3.2,EXPERT,2026-03-02 00:43:41,2026-05-05 19:20:28
SID-00-000-000-000-000-178,8,ADVANCED,2025-12-24 01:23:28,2026-09-08 08:04:41
SID-00-000-000-000-000-179,2.2,ADVANCED,2025-03-27 09:51:28,2026-06-11 06:16:09
SID-00-000-000-000-000-179,3.2,EXPERT,2025-11-29 19:04:16,2026-08-11 00:27:06
SID-00-000-000-000-000-180,7,INTERMEDIATE,2025-05-25 23:59:56,2026-03-24 15:00:45
SID-00-000-000-000-000-181,2.1,EXPERT,2024-01-31 09:50:41,2025-08-04 04:31:35
SID-00-000-000-000-000-181,7,INTERMEDIATE,2024-12-19 16:03:39,2026-04-02 20:46:16
SID-00-000-000-000-000-181,1.3.1,BEGINNER,2026-06-24 22:00:20,2026-07-24 09:57:35
SID-00-000-000-000-000-181,3.2,EXPERT,2026-08-08 00:08:22,2026-09-06 19:46:00
SID-00-000-000-000-000-181,5,INTERMEDIATE,2026-08-29 12:49:28,2026-09-09 10:55:48
SID-00-000-000-000-000-182,7,EXPERT,2024-12-09 06:19:29,2025-07-09 11:20:39
SID-00-000-000-000-000-183,2.2,BEGINNER,2025-07-24 05:52:10,2026-05-10 15:11:20
SID-00-000-000-000-000-183,3,ADVANCED,2025-03-02 12:34:56,2025-11-11 04:35:15
SID-00-000-000-000-000-183,2,EXPERT,2024-10-10 19:03:21,2026-08-20 14:56:35
SID-00-000-000-000-000-183,1.1,INTERMEDIATE,2026-07-01 09:32:06,2026-07-11 22:22:29
SID-00-000-000-000-000-184,3,ADVANCED,2025-09-05 19:32:45,2026-05-09 17:40:09
SID-00-000-000-000-000-185,1.2,BEGINNER,2026-02-25 23:43:26,2026-03-01 01:26:57
SID-00-000-000-000-000-186,8.2,ADVANCED,2025-08-06 13:58:45,2025-08-27 21:10:04
SID-00-000-000-000-000-187,3.2,ADVANCED,2025-10-11 16:32:32,2025-10-11 21:41:27
SID-00-000-000-000-000-188,3,INTERMEDIATE,2026-02-11 16:46:41,2026-05-28 18:29:49
SID-00-000-000-000-000-189,7.1,BEGINNER,2024-07-12 13:54:52,2025-10-18 03:40:46
SID-00-000-000-000-000-189,2.2,ADVANCED,2024-10-13 03:34:50,2024-11-04 13:49:09
SID-00-000-000-000-000-189,1.3.1,EXPERT,2024-09-01 17:58:20,2026-01-16 07:56:34
SID-00-000-000-000-000-189,7.2,BEGINNER,2025-02-19 19:15:16,2026-08-23 04:42:59
SID-00-000-000-000-000-190,3,ADVANCED,2025-07-08 21:14:31,2026-04-26 05:18:28
SID-00-000-000-000-000-190,6.1,INTERMEDIATE,2026-03-02 12:14:38,2026-03-29 07:12:17
SID-00-000-000-000-000-190,1.3.2,INTERMEDIATE,2024-09-03 00:28:58,2025-07-07 06:00:19
SID-00-000-000-000-000-191,1.2,EXPERT,2024-10-19 13:50:35,2026-07-22 14:35:43
SID-00-000-000-000-000-192,4,BEGINNER,2026-02-08 21:17:37,2026-08-06 10:12:57
SID-00-000-000-000-000-193,4.2,ADVANCED,2025-11-14 00:39:14,2026-04-14 15:53:07
SID-00-000-000-000-000-194,4.1,EXPERT,2025-04-04 02:06:18,2026-08-21 18:18:44
SID-00-000-000-000-000-195,5.2,BEGINNER,2024-01-26 23:59:05,2026-01-30 13:33:55
SID-00-000-000-000-000-196,6.1,ADVANCED,2026-02-13 01:06:11,2026-06-14 21:17:16
SID-00-000-000-000-000-196,3,ADVANCED,2024-05-05 05:43:23,2025-08-14 18:39:32
SID-00-000-000-000-000-197,4,EXPERT,2024-05-03 22:06:02,2025-12-01 05:48:31
SID-00-000-000-000-000-198,5.1,BEGINNER,2024-02-23 11:26:26,2024-04-14 08:52:11
SID-00-000-000-000-000-198,4.2,ADVANCED,2024-11-24 03:32:42,2025-01-27 00:39:02
SID-00-000-000-000-000-198,8.2,BEGINNER,2025-07-10 09:30:40,2026-05-01 16:42:47
SID-00-000-000-000-000-199,6,BEGINNER,2025-10-25 14:56:14,2026-06-19 11:56:56
SID-00-000-000-000-000-200,5.1,INTERMEDIATE,2025-07-07 01:21:18,2026-08-27 21:34:21
SID-00-000-000-000-000-200,1.3.1,INTERMEDIATE,2024-08-07 23:12:18,2026-01-06 05:01:28
SID-00-000-000-000-000-201,3,EXPERT,2025-12-08 15:15:30,2026-08-24 11:01:40
SID-00-000-000-000-000-202,2,BEGINNER,2024-03-07 01:37:36,2024-07-25 12:45:38
SID-00-000-000-000-000-202,1.3,BEGINNER,2025-05-26 12:07:46,2025-09-20 07:24:52
SID-00-000-000-000-000-203,8.2,BEGINNER,2025-05-12 17:04:45,2025-11-18 17:04:12
SID-00-000-000-000-000-204,5,ADVANCED,2026-08-24 23:21:18,2026-09-07 22:33:16
SID-00-000-000-000-000-205,7,BEGINNER,2024-05-01 05:24:33,2024-09-04 09:40:22
SID-00-000-000-000-000-205,4.2,INTERMEDIATE,2024-06-30 20:25:20,2026-04-18 10:48:11
SID-00-000-000-000-000-205,6.1,INTERMEDIATE,2024-06-17 01:02:02,2026-02-12 05:01:44
SID-00-000-000-000-000-206,3,EXPERT,2024-10-11 19:37:42,2024-12-20 17:59:45
SID-00-000-000-000-000-207,2.2,BEGINNER,2025-01-19 22:19:28,2026-03-13 20:56:55
SID-00-000-000-000-000-208,8.2,EXPERT,2025-02-22 00:51:18,2025-03-09 20:47:04
SID-00-000-000-000-000-209,4,EXPERT,2024-01-11 20:14:23,2024-11-01 11:27:59
SID-00-000-000-000-000-210,3.2,EXPERT,2026-08-05 09:24:09,2026-08-22 12:30:16
SID-00-000-000-000-000-211,1.3.2,INTERMEDIATE,2024-12-18 00:34:07,2026-06-11 21:27:23
SID-00-000-000-000-000-212,7.1,INTERMEDIATE,2025-05-31 15:42:51,2026-01-26 10:10:31
SID-00-000-000-000-000-213,3.2,INTERMEDIATE,2025-12-08 16:50:32,2026-03-12 10:44:05
SID-00-000-000-000-000-213,6.2,ADVANCED,2024-09-30 21:16:51,2026-03-26 10:11:15
SID-00-000-000-000-000-214,1.2,INTERMEDIATE,2025-01-05 11:57:39,2025-10-21 22:03:37
SID-00-000-000-000-000-214,8.2,ADVANCED,2025-07-20 19:44:09,2026-08-11 17:13:56
SID-00-000-000-000-000-214,6.2,ADVANCED,2024-05-07 08:25:45,2025-02-08 23:18:18
SID-00-000-000-000-000-214,5,BEGINNER,2025-07-29 03:23:31,2026-07-03 10:44:26
SID-00-000-000-000-000-215,7.2,BEGINNER,2024-06-05 15:11:13,2024-08-24 12:10:21
SID-00-000-000-000-000-216,7,INTERMEDIATE,2025-04-13 18:58:10,2026-05-10 07:16:15
SID-00-000-000-000-000-217,1.3.2,EXPERT,2025-12-17 12:18:04,2026-03-30 06:00:04
SID-00-000-000-000-000-218,1.1,EXPERT,2024-02-06 19:40:11,2026-01-17 03:26:18
SID-00-000-000-000-000-218,6.1,BEGINNER,2026-01-21 03:19:10,2026-06-11 09:02:25
SID-00-000-000-000-000-218,2.2,EXPERT,2026-06-27 18:34:36,2026-07-21 22:24:18
SID-00-000-000-000-000-218,1.3,INTERMEDIATE,2025-01-06 14:05:06,2026-09-04 04:25:29
SID-00-000-000-000-000-219,5,INTERMEDIATE,2025-03-06 12:21:02,2025-08-11 20:39:40
SID-00-000-000-000-000-220,4.1,BEGINNER,2025-06-04 01:45:05,2026-06-05 13:51:17
SID-00-000-000-000-000-220,8.2,BEGINNER,2025-07-26 19:03:40,2026-04-11 11:45:54
SID-00-000-000-000-000-221,8.1,EXPERT,2024-05-18 07:31:34,2024-05-22 17:48:15
SID-00-000-000-000-000-222,1.2,EXPERT,2024-12-01 06:14:18,2026-02-16 22:26:22
SID-00-000-000-000-000-223,2,ADVANCED,2025-07-15 05:51:34,2026-01-31 12:25:11
SID-00-000-000-000-000-224,5.2,EXPERT,2026-04-19 18:24:16,2026-08-13 09:12:18
SID-00-000-000-000-000-225,4,INTERMEDIATE,2026-05-09 23:50:18,2026-07-19 13:43:40
SID-00-000-000-000-000-226,3,ADVANCED,2024-04-26 00:58:32,2024-11-12 04:03:28
SID-00-000-000-000-000-226,1.3,ADVANCED,2024-01-23 04:21:47,2026-03-23 03:35:45
SID-00-000-000-000-000-227,2.2,ADVANCED,2024-03-07 20:46:25,2026-05-16 02:58:13
SID-00-000-000-000-000-227,4,ADVANCED,2024-03-14 13:56:11,2025-08-20 09:29:56
SID-00-000-000-000-000-227,7.1,BEGINNER,2025-01-27 19:58:17,2025-03-02 07:41:51
SID-00-000-000-000-000-227,3.2,ADVANCED,2025-07-27 10:45:20,2026-08-16 02:31:30
SID-00-000-000-000-000-228,1.1,BEGINNER,2025-02-18 15:55:01,2025-06-12 19:43:09
SID-00-000-000-000-000-228,3.1,ADVANCED,2024-05-17 01:26:24,2025-08-23 09:50:38
SID-00-000-000-000-000-229,7,BEGINNER,2024-03-12 17:53:14,2026-07-25 13:27:12
SID-00-000-000-000-000-229,1.1,EXPERT,2024-12-06 07:29:20,2025-01-20 20:40:24
SID-00-000-000-000-000-229,2.1,BEGINNER,2025-08-11 13:51:15,2026-04-10 17:55:45
SID-00-000-000-000-000-229,5,INTERMEDIATE,2026-05-23 07:38:24,2026-07-15 07:25:46
SID-00-000-000-000-000-230,1.1,INTERMEDIATE,2024-04-12 09:30:34,2025-06-24 04:44:47
SID-00-000-000-000-000-231,4.1,INTERMEDIATE,2024-10-25 13:31:40,2026-05-31 01:41:24
SID-00-000-000-000-000-231,5,INTERMEDIATE,2024-01-22 02:24:14,2024-03-15 09:40:17
SID-00-000-000-000-000-232,4,EXPERT,2025-11-02 00:43:25,2026-06-20 23:28:17
SID-00-000-000-000-000-233,8,EXPERT,2025-01-06 04:36:43,2025-03-23 22:31:36
SID-00-000-000-000-000-234,1.3,ADVANCED,2025-03-06 22:41:40,2026-07-16 02:47:49
SID-00-000-000-000-000-235,3.1,INTERMEDIATE,2025-03-05 12:58:13,2025-04-06 15:44:48
SID-00-000-000-000-000-236,1,BEGINNER,2024-08-11 11:48:17,2026-03-02 22:52:37
SID-00-000-000-000-000-237,1,INTERMEDIATE,2024-03-16 09:15:40,2024-07-09 12:31:18
SID-00-000-000-000-000-237,7.2,INTERMEDIATE,2024-10-05 01:47:11,2025-05-14 19:46:27
SID-00-000-000-000-000-237,2.1,EXPERT,2026-09-09 02:51:55,2026-09-09 08:43:12
SID-00-000-000-000-000-237,8.2,BEGINNER,2025-04-16 01:00:41,2025-06-17 19:35:07
SID-00-000-000-000-000-237,1.1,INTERMEDIATE,2024-03-16 03:44:23,2026-07-16 23:42:48
SID-00-000-000-000-000-238,7.2,INTERMEDIATE,2026-03-11 09:50:27,2026-08-23 04:59:10
SID-00-000-000-000-000-239,3,ADVANCED,2026-07-15 08:44:23,2026-08-29 07:58:15
SID-00-000-000-000-000-240,2.1,BEGINNER,2024-11-09 18:10:22,2025-11-07 15:20:53
SID-00-000-000-000-000-240,5.1,EXPERT,2024-02-23 03:12:20,2026-06-10 07:25:25
SID-00-000-000-000-000-240,2.2,INTERMEDIATE,2024-10-02 07:22:31,2025-02-23 13:33:53
SID-00-000-000-000-000-241,5.1,ADVANCED,2025-12-31 00:54:53,2026-02-22 13:34:25
SID-00-000-000-000-000-241,2.1,BEGINNER,2025-12-14 07:29:32,2026-07-15 14:21:03
SID-00-000-000-000-000-241,3,EXPERT,2026-08-20 06:18:55,2026-09-04 10:37:46
SID-00-000-000-000-000-242,1,ADVANCED,2024-09-22 23:22:15,2025-11-19 08:17:43
SID-00-000-000-000-000-242,5,ADVANCED,2026-03-24 22:39:20,2026-04-08 07:30:07
SID-00-000-000-000-000-242,8.2,BEGINNER,2026-04-20 21:37:30,2026-06-14 20:12:22
SID-00-000-000-000-000-242,1.1,BEGINNER,2026-04-28 23:14:33,2026-06-19 21:50:34
SID-00-000-000-000-000-243,4,BEGINNER,2024-06-30 11:25:23,2025-06-11 10:22:05
SID-00-000-000-000-000-244,1.1,ADVANCED,2026-01-20 18:55:15,2026-08-27 08:38:13
SID-00-000-000-000-000-244,5.2,INTERMEDIATE,2026-06-26 22:27:07,2026-09-03 23:02:41
SID-00-000-000-000-000-245,3.1,EXPERT,2026-03-26 23:19:08,2026-06-07 21:48:32
SID-00-000-000-000-000-245,7.2,BEGINNER,2026-02-09 02:10:51,2026-08-26 17:16:23
SID-00-000-000-000-000-246,5.2,EXPERT,2026-07-06 13:16:30,2026-07-25 15:37:42
SID-00-000-000-000-000-246,4,ADVANCED,2025-02-21 01:17:16,2026-04-04 19:30:36
SID-00-000-000-000-000-246,7.2,INTERMEDIATE,2024-06-08 22:45:14,2025-04-19 03:38:26
SID-00-000-000-000-000-247,1,ADVANCED,2024-10-03 05:00:51,2026-01-29 08:18:33
SID-00-000-000-000-000-248,2.1,EXPERT,2026-01-28 23:56:47,2026-04-05 13:25:01
SID-00-000-000-000-000-249,2.2,BEGINNER,2024-12-21 21:47:09,2026-02-08 23:09:33
SID-00-000-000-000-000-250,6,INTERMEDIATE,2025-10-12 04:53:50,2026-07-18 06:10:39
SID-00-000-000-000-000-251,1,ADVANCED,2025-03-08 20:53:51,2025-11-20 22:32:26
SID-00-000-000-000-000-252,5.2,BEGINNER,2024-08-02 08:34:06,2024-09-16 10:42:51
SID-00-000-000-000-000-253,6.1,EXPERT,2025-06-26 14:59:34,2026-08-21 09:14:07
SID-00-000-000-000-000-254,8,EXPERT,2026-02-13 03:33:01,2026-04-08 14:42:52
SID-00-000-000-000-000-255,6.2,BEGINNER,2024-06-20 16:52:53,2026-05-29 09:47:33
SID-00-000-000-000-000-256,6.2,EXPERT,2024-02-07 21:15:28,2025-11-16 10:41:30
SID-00-000-000-000-000-257,1.1,ADVANCED,2025-06-28 13:16:36,2025-10-06 17:25:40
SID-00-000-000-000-000-258,1,BEGINNER,2024-02-14 00:24:57,2024-09-21 15:04:46
SID-00-000-000-000-000-258,7,BEGINNER,2024-03-17 05:44:50,2025-04-24 02:45:45
SID-00-000-000-000-000-258,3.2,ADVANCED,2024-08-21 04:29:21,2025-04-22 19:02:54
SID-00-000-000-000-000-258,5.2,BEGINNER,2026-03-26 20:55:10,2026-07-19 08:52:29
SID-00-000-000-000-000-258,7.1,INTERMEDIATE,2025-09-23 14:48:14,2026-07-29 06:03:56
SID-00-000-000-000-000-259,6.1,EXPERT,2026-02-14 13:17:30,2026-04-25 09:07:40
SID-00-000-000-000-000-260,3.2,BEGINNER,2025-09-03 23:10:37,2025-11-02 14:34:54
SID-00-000-000-000-000-260,5,BEGINNER,2024-10-13 05:14:53,2025-01-25 22:19:12
SID-00-000-000-000-000-260,3,ADVANCED,2024-04-14 12:46:38,2024-10-17 12:31:31
SID-00-000-000-000-000-261,8,ADVANCED,2025-12-31 04:05:50,2026-07-18 00:54:10
SID-00-000-000-000-000-262,4,BEGINNER,2025-10-08 13:06:47,2025-11-28 04:33:03
SID-00-000-000-000-000-262,8.2,INTERMEDIATE,2026-07-28 21:30:55,2026-09-09 04:12:19
SID-00-000-000-000-000-262,6,EXPERT,2025-07-10 08:32:33,2026-09-10 01:33:12
SID-00-000-000-000-000-262,1.1,BEGINNER,2025-06-14 08:15:13,2025-08-08 08:18:35
SID-00-000-000-000-000-263,7,INTERMEDIATE,2025-05-27 00:15:17,2025-10-23 14:27:47
SID-00-000-000-000-000-263,5.1,INTERMEDIATE,2026-04-02 15:11:13,2026-05-19 22:10:27
SID-00-000-000-000-000-264,8.1,EXPERT,2026-01-25 08:40:00,2026-04-18 02:53:21
SID-00-000-000-000-000-265,1.3,EXPERT,2025-11-12 23:36:54,2026-03-27 09:12:02
SID-00-000-000-000-000-266,3.2,ADVANCED,2025-07-05 11:45:20,2025-08-07 13:15:38
SID-00-000-000-000-000-267,6.1,INTERMEDIATE,2025-03-17 18:49:43,2025-10-30 21:23:54
SID-00-000-000-000-000-267,2.1,EXPERT,2026-06-29 21:43:53,2026-07-17 19:25:43
SID-00-000-000-000-000-268,7,ADVANCED,2025-08-18 20:33:59,2026-06-23 18:18:34
SID-00-000-000-000-000-268,1.3.1,EXPERT,2024-11-04 19:44:52,2024-12-29 20:29:27
SID-00-000-000-000-000-269,1.3.1,INTERMEDIATE,2025-07-20 19:05:36,2026-04-10 17:33:22
SID-00-000-000-000-000-270,4.2,EXPERT,2024-04-28 20:32:57,2024-12-12 17:08:47
SID-00-000-000-000-000-270,1,BEGINNER,2025-12-31 23:14:23,2026-02-01 22:49:27
SID-00-000-000-000-000-270,1.3.2,INTERMEDIATE,2026-03-31 12:24:13,2026-04-04 10:18:04
SID-00-000-000-000-000-271,1.3.1,INTERMEDIATE,2024-05-05 09:55:47,2025-12-24 18:53:29
SID-00-000-000-000-000-271,5.1,ADVANCED,2025-12-01 14:12:09,2026-01-04 07:49:05
SID-00-000-000-000-000-271,4,BEGINNER,2025-08-05 00:20:40,2026-04-09 21:22:27
SID-00-000-000-000-000-271,4.1,EXPERT,2024-03-13 13:44:24,2026-06-30 17:53:23
SID-00-000-000-000-000-271,3.2,EXPERT,2026-06-15 02:28:56,2026-08-09 13:14:01
SID-00-000-000-000-000-272,5,BEGINNER,2025-11-19 21:53:05,2026-06-24 08:12:49
SID-00-000-000-000-000-273,1,EXPERT,2025-08-07 01:21:15,2026-01-01 23:38:34
SID-00-000-000-000-000-274,4.2,ADVANCED,2024-06-22 21:28:22,2026-01-29 05:20:38
SID-00-000-000-000-000-275,1.3,EXPERT,2024-12-01 15:49:26,2025-12-02 09:48:24
SID-00-000-000-000-000-275,2.1,INTERMEDIATE,2024-10-07 16:38:02,2025-07-04 19:27:14
SID-00-000-000-000-000-275,3,INTERMEDIATE,2026-07-27 06:10:43,2026-07-29 04:12:55
SID-00-000-000-000-000-275,5,ADVANCED,2025-02-27 15:34:37,2025-08-02 13:41:04
SID-00-000-000-000-000-276,3,EXPERT,2024-06-11 22:38:00,2025-02-03 06:41:18
SID-00-000-000-000-000-277,1.3.2,BEGINNER,2024-10-10 20:42:57,2026-07-15 08:58:23
SID-00-000-000-000-000-278,7,INTERMEDIATE,2024-07-22 12:48:24,2026-05-08 04:20:39
SID-00-000-000-000-000-278,2.2,INTERMEDIATE,2024-01-27 21:54:01,2026-06-09 17:21:50
SID-00-000-000-000-000-278,1.3.1,BEGINNER,2024-01-07 13:24:11,2026-03-31 06:47:25
SID-00-000-000-000-000-278,1.3,EXPERT,2024-12-29 15:04:11,2025-06-22 11:19:44
SID-00-000-000-000-000-279,5.1,BEGINNER,2026-03-28 17:47:20,2026-05-16 18:40:05
SID-00-000-000-000-000-279,1.3.1,BEGINNER,2025-12-05 18:58:53,2026-08-19 10:26:53
SID-00-000-000-000-000-280,4.1,INTERMEDIATE,2025-04-30 08:43:23,2025-06-12 16:14:47
SID-00-000-000-000-000-281,7.2,BEGINNER,2024-03-18 19:14:53,2026-03-07 16:58:24
SID-00-000-000-000-000-281,7,ADVANCED,2024-11-17 21:09:53,2025-10-19 14:46:27
SID-00-000-000-000-000-281,1.3,BEGINNER,2025-03-22 05:00:25,2026-04-21 18:22:51
SID-00-000-000-000-000-281,3.2,BEGINNER,2025-11-26 12:01:12,2026-02-25 07:45:28
SID-00-000-000-000-000-281,8.1,ADVANCED,2025-03-02 10:38:45,2026-08-04 06:59:32
SID-00-000-000-000-000-282,5.2,BEGINNER,2025-10-12 13:15:22,2026-08-01 04:15:08
SID-00-000-000-000-000-283,6.2,INTERMEDIATE,2025-07-30 23:05:06,2026-07-20 22:42:02
SID-00-000-000-000-000-283,1,INTERMEDIATE,2025-10-24 13:46:39,2026-01-17 20:15:11
SID-00-000-000-000-000-283,2.1,EXPERT,2025-04-21 18:07:16,2025-07-25 15:54:47
SID-00-000-000-000-000-283,1.3.1,BEGINNER,2024-10-05 01:52:26,2025-02-22 06:07:19
SID-00-000-000-000-000-284,7.2,INTERMEDIATE,2024-03-07 04:26:31,2025-08-01 02:01:46
SID-00-000-000-000-000-284,2,ADVANCED,2025-11-29 15:08:09,2025-12-10 16:57:32
SID-00-000-000-000-000-284,1,INTERMEDIATE,2025-08-26 13:32:24,2026-04-23 15:06:04
SID-00-000-000-000-000-284,4.1,INTERMEDIATE,2025-09-19 12:16:07,2026-03-11 03:14:11
SID-00-000-000-000-000-285,8.2,EXPERT,2025-10-19 06:54:59,2026-03-28 10:47:16
SID-00-000-000-000-000-285,2.1,ADVANCED,2025-08-11 06:38:21,2026-03-14 07:37:53
SID-00-000-000-000-000-285,3,ADVANCED,2024-04-04 23:43:43,2024-07-13 21:13:50
SID-00-000-000-000-000-286,4.2,BEGINNER,2024-11-16 04:34:35,2026-01-29 21:50:28
SID-00-000-000-000-000-287,3.1,EXPERT,2025-10-12 01:01:59,2026-02-05 02:51:50
SID-00-000-000-000-000-288,8,EXPERT,2026-04-06 16:17:36,2026-08-20 14:32:19
SID-00-000-000-000-000-288,5,ADVANCED,2025-11-07 05:25:59,2025-11-16 03:22:00
SID-00-000-000-000-000-289,8.1,ADVANCED,2025-02-06 11:04:53,2025-12-30 10:27:39
SID-00-000-000-000-000-290,3.1,EXPERT,2025-02-08 15:35:09,2026-05-23 08:40:53
SID-00-000-000-000-000-291,1.1,ADVANCED,2024-09-21 00:34:47,2026-02-27 07:13:34
SID-00-000-000-000-000-292,1.1,INTERMEDIATE,2025-03-16 11:22:47,2025-07-14 18:17:07
SID-00-000-000-000-000-292,3,BEGINNER,2025-06-11 10:29:07,2026-06-02 08:26:16
SID-00-000-000-000-000-293,6.1,EXPERT,2024-01-20 14:25:43,2025-12-17 02:49:30
SID-00-000-000-000-000-293,3.1,ADVANCED,2024-03-29 19:24:28,2025-12-20 16:15:20
SID-00-000-000-000-000-293,1.3.1,BEGINNER,2026-01-24 13:44:30,2026-05-31 10:07:11
SID-00-000-000-000-000-293,5.2,INTERMEDIATE,2025-05-25 08:24:53,2025-11-12 20:35:30
SID-00-000-000-000-000-294,8.2,ADVANCED,2024-10-12 13:04:03,2025-02-02 06:40:29
SID-00-000-000-000-000-294,5.2,INTERMEDIATE,2024-11-22 04:45:14,2025-04-13 00:43:21
SID-00-000-000-000-000-294,4,BEGINNER,2026-07-13 23:21:56,2026-07-16 02:28:15
SID-00-000-000-000-000-294,7.1,EXPERT,2026-01-13 00:57:24,2026-05-19 22:02:57
SID-00-000-000-000-000-294,2.1,ADVANCED,2026-02-17 16:22:01,2026-02-26 08:43:58
SID-00-000-000-000-000-295,2.1,BEGINNER,2025-09-13 10:48:53,2026-05-20 21:50:22
SID-00-000-000-000-000-296,1.3,EXPERT,2026-03-10 23:42:35,2026-05-19 12:26:05
SID-00-000-000-000-000-297,7.2,BEGINNER,2026-05-12 14:17:48,2026-08-25 05:51:41
SID-00-000-000-000-000-298,7.2,BEGINNER,2025-11-23 05:36:06,2026-06-24 23:49:50
SID-00-000-000-000-000-299,8.2,BEGINNER,2025-06-17 00:44:19,2026-08-05 11:02:25
SID-00-000-000-000-000-300,8.1,ADVANCED,2024-07-10 04:12:46,2025-11-02 09:10:59
SID-00-000-000-000-000-300,4,BEGINNER,2026-02-11 05:10:11,2026-05-12 06:08:55
SID-00-000-000-000-000-301,4.2,EXPERT,2024-07-18 10:10:35,2025-02-10 18:19:59
SID-00-000-000-000-000-302,4.1,ADVANCED,2024-04-01 13:45:41,2026-08-12 10:45:48
SID-00-000-000-000-000-303,7.1,BEGINNER,2025-06-08 16:08:36,2025-09-29 00:44:00
SID-00-000-000-000-000-304,7.2,BEGINNER,2025-12-04 03:29:28,2026-04-10 04:01:24
SID-00-000-000-000-000-304,4,ADVANCED,2025-01-25 23:47:05,2025-06-12 15:18:12
SID-00-000-000-000-000-304,3.2,ADVANCED,2025-04-14 04:15:28,2025-06-09 06:23:48
SID-00-000-000-000-000-304,8,BEGINNER,2024-11-23 02:47:46,2026-05-08 23:34:43
SID-00-000-000-000-000-304,5.2,EXPERT,2024-04-03 20:42:26,2024-09-01 12:34:00
SID-00-000-000-000-000-305,1.2,EXPERT,2024-05-19 01:39:45,2025-10-21 23:01:25
SID-00-000-000-000-000-306,8.2,EXPERT,2025-07-11 13:45:05,2025-10-18 16:29:43
SID-00-000-000-000-000-307,3,BEGINNER,2025-12-29 15:54:38,2026-07-30 16:43:08
SID-00-000-000-000-000-308,6,ADVANCED,2025-08-12 03:36:35,2026-07-22 05:36:02
SID-00-000-000-000-000-309,8,ADVANCED,2026-02-20 23:32:08,2026-06-11 04:48:11
SID-00-000-000-000-000-309,5.2,EXPERT,2026-08-02 02:58:05,2026-08-11 12:34:41
SID-00-000-000-000-000-310,5.1,BEGINNER,2026-04-24 21:56:49,2026-09-09 23:49:01
SID-00-000-000-000-000-310,5.2,BEGINNER,2026-06-25 11:46:36,2026-07-28 11:40:39
SID-00-000-000-000-000-311,8,BEGINNER,2024-01-14 09:45:24,2025-06-02 01:20:33
SID-00-000-000-000-000-312,4.2,EXPERT,2026-05-05 19:59:47,2026-05-20 09:37:44
SID-00-000-000-000-000-313,6.2,EXPERT,2026-03-01 07:16:34,2026-06-03 16:06:13
SID-00-000-000-000-000-314,3,ADVANCED,2024-04-25 16:50:48,2026-09-07 07:18:54
SID-00-000-000-000-000-315,6.1,INTERMEDIATE,2026-05-25 07:29:48,2026-07-25 14:11:52
SID-00-000-000-000-000-316,5.1,ADVANCED,2025-11-05 01:31:25,2026-07-11 21:14:04
SID-00-000-000-000-000-317,2.2,ADVANCED,2025-04-09 13:21:02,2025-07-27 23:02:26
SID-00-000-000-000-000-318,7.2,ADVANCED,2025-12-04 15:21:46,2026-04-16 11:51:54
SID-00-000-000-000-000-318,1.3.1,BEGINNER,2025-02-13 15:24:37,2025-05-10 23:54:38
SID-00-000-000-000-000-318,1.3.2,INTERMEDIATE,2026-09-04 10:00:59,2026-09-04 10:54:05
SID-00-000-000-000-000-318,5.1,EXPERT,2024-07-15 01:54:16,2024-09-27 00:34:34
SID-00-000-000-000-000-319,1.1,BEGINNER,2025-09-06 23:21:24,2026-04-14 08:13:40
SID-00-000-000-000-000-320,5.2,BEGINNER,2026-05-19 05:01:57,2026-06-27 19:22:44
SID-00-000-000-000-000-321,2.2,EXPERT,2025-07-29 02:48:19,2025-12-01 03:11:34
SID-00-000-000-000-000-321,3,INTERMEDIATE,2026-07-08 08:36:57,2026-08-13 15:06:59
SID-00-000-000-000-000-321,8.2,INTERMEDIATE,2024-03-17 05:40:34,2024-08-02 14:23:13
SID-00-000-000-000-000-321,4.1,BEGINNER,2024-10-02 12:08:18,2025-04-06 19:05:35
SID-00-000-000-000-000-322,5.1,ADVANCED,2025-07-31 22:04:47,2026-06-07 23:59:03
SID-00-000-000-000-000-323,6,EXPERT,2025-08-18 02:22:16,2026-08-29 00:48:23
SID-00-000-000-000-000-324,1,BEGINNER,2026-02-09 19:56:45,2026-09-08 16:10:10
SID-00-000-000-000-000-325,6.1,BEGINNER,2026-05-10 14:53:10,2026-06-19 12:19:35
SID-00-000-000-000-000-325,1.3.1,EXPERT,2024-05-14 18:47:59,2026-03-31 07:12:19
SID-00-000-000-000-000-325,1.3.2,BEGINNER,2025-10-16 04:54:50,2026-02-01 01:51:16
SID-00-000-000-000-000-325,5,EXPERT,2024-08-24 22:05:33,2025-06-14 16:58:07
SID-00-000-000-000-000-326,3.2,BEGINNER,2026-04-05 05:32:41,2026-05-25 13:21:07
SID-00-000-000-000-000-326,3,INTERMEDIATE,2026-05-19 03:40:22,2026-08-23 21:01:38
SID-00-000-000-000-000-327,8.2,EXPERT,2026-04-06 10:30:50,2026-07-03 17:59:00
SID-00-000-000-000-000-327,2.2,BEGINNER,2025-11-14 23:28:32,2026-01-29 03:29:17
SID-00-000-000-000-000-327,7.1,ADVANCED,2025-07-02 23:29:11,2026-01-08 09:25:32
SID-00-000-000-000-000-327,1.3.1,EXPERT,2024-06-24 03:56:27,2026-05-25 17:28:17
SID-00-000-000-000-000-328,3.2,INTERMEDIATE,2025-02-21 07:01:27,2026-02-05 22:28:31
SID-00-000-000-000-000-328,7.2,BEGINNER,2025-01-11 08:06:51,2025-04-30 02:42:41
SID-00-000-000-000-000-329,3.2,ADVANCED,2025-06-01 14:04:38,2025-06-04 04:55:33
SID-00-000-000-000-000-330,3.2,BEGINNER,2026-06-20 03:42:01,2026-07-31 19:24:15
SID-00-000-000-000-000-331,1.1,BEGINNER,2024-09-27 13:15:09,2025-09-04 02:30:31
SID-00-000-000-000-000-331,6.2,ADVANCED,2026-09-06 19:20:42,2026-09-09 18:13:57
SID-00-000-000-000-000-332,6,EXPERT,2024-01-30 22:33:07,2025-12-15 23:35:43
SID-00-000-000-000-000-332,8.2,EXPERT,2026-09-08 06:37:15,2026-09-09 23:57:22
SID-00-000-000-000-000-333,7.2,BEGINNER,2026-05-10 22:30:29,2026-08-11 07:21:31
SID-00-000-000-000-000-334,1,INTERMEDIATE,2025-08-26 02:43:49,2026-05-24 19:17:36
SID-00-000-000-000-000-335,1.3.1,EXPERT,2026-03-31 17:15:56,2026-04-20 05:16:02
SID-00-000-000-000-000-335,1.2,BEGINNER,2025-09-19 06:41:02,2025-10-11 12:16:19
SID-00-000-000-000-000-335,4.1,INTERMEDIATE,2026-04-24 03:56:14,2026-06-01 23:10:17
SID-00-000-000-000-000-336,7.2,ADVANCED,2024-11-23 08:12:58,2026-02-07 14:38:52
SID-00-000-000-000-000-336,1,ADVANCED,2026-06-02 08:56:40,2026-06-19 09:36:16
SID-00-000-000-000-000-337,7,BEGINNER,2025-01-31 17:20:08,2026-06-07 16:40:15
SID-00-000-000-000-000-338,8.2,ADVANCED,2026-01-19 02:41:49,2026-02-22 18:16:40
SID-00-000-000-000-000-339,4.2,EXPERT,2024-02-13 19:06:39,2025-09-07 22:30:03
SID-00-000-000-000-000-340,7.2,ADVANCED,2026-04-08 15:36:03,2026-09-01 20:21:35
SID-00-000-000-000-000-341,3.2,BEGINNER,2024-04-25 19:56:50,2025-06-04 14:48:15
SID-00-000-000-000-000-342,4.2,INTERMEDIATE,2024-03-27 18:01:57,2026-06-29 10:27:12
SID-00-000-000-000-000-343,1.3.2,INTERMEDIATE,2025-08-04 16:33:49,2026-08-28 05:27:06
SID-00-000-000-000-000-343,3.1,ADVANCED,2026-02-15 02:48:19,2026-04-01 08:05:03
SID-00-000-000-000-000-344,7.2,INTERMEDIATE,2026-07-17 03:29:33,2026-08-03 08:04:37
SID-00-000-000-000-000-345,7.2,ADVANCED,2024-11-01 12:27:44,2025-07-16 20:58:42
SID-00-000-000-000-000-345,1.3.1,ADVANCED,2024-06-24 03:44:35,2024-10-15 17:43:49
SID-00-000-000-000-000-346,8.2,INTERMEDIATE,2024-07-04 05:36:02,2026-06-09 23:57:47
SID-00-000-000-000-000-347,2.2,EXPERT,2024-12-15 11:17:44,2025-08-03 04:39:12
SID-00-000-000-000-000-347,7.1,INTERMEDIATE,2026-03-27 05:28:25,2026-07-20 11:51:28
SID-00-000-000-000-000-347,4.2,EXPERT,2024-02-06 03:26:29,2026-04-07 08:12:49
SID-00-000-000-000-000-347,1.2,EXPERT,2024-06-02 05:06:39,2025-09-17 16:34:57
SID-00-000-000-000-000-347,5,ADVANCED,2024-12-07 08:53:55,2026-05-12 11:37:11
SID-00-000-000-000-000-348,7.1,ADVANCED,2026-08-10 23:52:14,2026-08-28 02:20:26
SID-00-000-000-000-000-349,8,ADVANCED,2024-07-26 08:24:37,2025-01-11 20:35:33
SID-00-000-000-000-000-350,1.3,EXPERT,2025-05-23 18:10:34,2026-03-19 16:32:50
SID-00-000-000-000-000-351,6,BEGINNER,2024-11-13 19:45:15,2025-11-24 09:26:18
SID-00-000-000-000-000-352,1.3,BEGINNER,2025-09-11 09:36:45,2026-07-25 08:34:44
SID-00-000-000-000-000-353,5,BEGINNER,2024-11-25 08:34:11,2026-01-23 11:42:42
SID-00-000-000-000-000-354,3.2,INTERMEDIATE,2024-10-28 09:00:18,2025-09-12 01:15:45
SID-00-000-000-000-000-355,4.2,EXPERT,2025-08-29 17:55:00,2026-04-10 16:11:30
SID-00-000-000-000-000-355,8.1,INTERMEDIATE,2025-12-20 06:13:47,2026-04-24 15:11:52
SID-00-000-000-000-000-356,3.2,EXPERT,2025-08-14 07:50:39,2026-02-19 19:32:32
SID-00-000-000-000-000-357,2.1,BEGINNER,2026-01-20 23:05:36,2026-08-18 21:33:00
SID-00-000-000-000-000-358,8,BEGINNER,2024-09-22 01:13:44,2025-11-11 05:39:07
SID-00-000-000-000-000-359,1.3.2,INTERMEDIATE,2026-06-26 14:18:09,2026-09-02 08:02:59
SID-00-000-000-000-000-360,6,BEGINNER,2024-11-23 19:36:08,2026-08-15 16:41:55
SID-00-000-000-000-000-360,8,ADVANCED,2024-10-31 07:48:14,2026-04-04 20:03:38
SID-00-000-000-000-000-360,1.3.1,BEGINNER,2025-03-27 08:58:42,2025-06-23 10:32:59
SID-00-000-000-000-000-360,7,INTERMEDIATE,2025-10-10 01:42:02,2025-12-16 09:26:17
SID-00-000-000-000-000-361,1.2,EXPERT,2024-06-30 15:21:49,2026-05-19 20:58:42
SID-00-000-000-000-000-362,2.1,ADVANCED,2024-05-31 16:07:17,2025-09-05 21:41:25
SID-00-000-000-000-000-363,1.3.2,EXPERT,2024-12-05 04:42:55,2025-10-04 18:29:24
SID-00-000-000-000-000-364,5,INTERMEDIATE,2025-01-05 06:30:06,2025-10-16 17:23:18
SID-00-000-000-000-000-364,7,INTERMEDIATE,2026-01-20 20:20:04,2026-02-12 04:32:18
SID-00-000-000-000-000-365,1.3.1,ADVANCED,2025-01-28 11:39:00,2025-08-09 15:35:36
SID-00-000-000-000-000-366,7.2,EXPERT,2025-01-22 13:10:12,2025-03-06 06:55:29
SID-00-000-000-000-000-366,4.1,BEGINNER,2025-10-21 03:48:27,2026-09-01 07:52:24
SID-00-000-000-000-000-366,6.1,INTERMEDIATE,2024-08-06 03:31:35,2025-11-15 04:27:18
SID-00-000-000-000-000-367,3.1,EXPERT,2025-05-08 10:22:59,2025-05-09 05:07:17
SID-00-000-000-000-000-368,6.2,EXPERT,2024-07-03 23:06:44,2024-12-19 17:53:29
SID-00-000-000-000-000-368,2.1,INTERMEDIATE,2024-04-01 08:45:14,2025-03-10 04:42:20
SID-00-000-000-000-000-368,1.3.1,EXPERT,2025-02-22 21:35:54,2025-08-02 22:23:46
SID-00-000-000-000-000-368,5,ADVANCED,2025-10-26 11:14:44,2026-03-29 01:14:53
SID-00-000-000-000-000-369,4.1,BEGINNER,2025-05-24 01:42:13,2025-07-13 14:49:51
SID-00-000-000-000-000-369,1.3.2,EXPERT,2024-12-06 17:54:38,2026-03-23 00:56:44
SID-00-000-000-000-000-369,4,ADVANCED,2026-03-01 16:38:34,2026-03-04 01:21:23
SID-00-000-000-000-000-369,7,EXPERT,2024-05-06 16:18:44,2025-07-15 07:34:39
SID-00-000-000-000-000-370,6.2,BEGINNER,2026-08-02 13:29:44,2026-08-18 09:42:34
SID-00-000-000-000-000-371,2.2,EXPERT,2025-12-31 04:36:26,2026-01-29 14:57:19
SID-00-000-000-000-000-372,8,ADVANCED,2025-04-10 23:17:33,2025-10-01 13:02:21
SID-00-000-000-000-000-373,1.3.2,EXPERT,2026-08-23 01:01:34,2026-09-02 02:56:27
SID-00-000-000-000-000-374,1.2,ADVANCED,2024-11-27 17:19:26,2026-07-30 01:33:48
SID-00-000-000-000-000-374,1.3.1,EXPERT,2024-07-13 10:49:47,2026-04-16 05:22:50
SID-00-000-000-000-000-374,1,BEGINNER,2025-03-03 22:18:57,2025-11-17 08:53:54
SID-00-000-000-000-000-375,5,ADVANCED,2025-03-28 21:16:51,2025-04-24 11:33:13
SID-00-000-000-000-000-376,3.1,BEGINNER,2025-10-26 04:42:43,2026-06-28 10:22:54
SID-00-000-000-000-000-377,1.3.2,EXPERT,2024-10-15 13:08:54,2025-08-01 14:14:19
SID-00-000-000-000-000-378,6.2,BEGINNER,2024-02-05 01:05:08,2024-05-21 00:39:46
SID-00-000-000-000-000-379,4,BEGINNER,2024-09-01 15:34:06,2024-11-02 18:55:56
SID-00-000-000-000-000-380,1.3.1,ADVANCED,2025-09-14 19:02:21,2026-02-17 12:13:58
SID-00-000-000-000-000-381,4.2,EXPERT,2025-11-08 23:14:02,2026-01-22 16:05:48
SID-00-000-000-000-000-382,3.1,BEGINNER,2025-01-01 19:56:04,2025-04-02 09:36:42
SID-00-000-000-000-000-383,7.2,ADVANCED,2024-03-18 12:06:39,2026-07-07 05:24:16
SID-00-000-000-000-000-384,1,BEGINNER,2024-06-29 23:41:57,2026-02-19 15:37:04
SID-00-000-000-000-000-385,4.1,ADVANCED,2024-07-07 13:51:22,2025-01-31 03:55:14
SID-00-000-000-000-000-385,1.3,INTERMEDIATE,2025-08-28 17:34:19,2026-03-20 16:16:32
SID-00-000-000-000-000-385,8.1,EXPERT,2025-11-14 03:34:35,2025-11-28 20:09:31
SID-00-000-000-000-000-386,4.1,INTERMEDIATE,2024-09-27 09:21:50,2026-01-31 23:16:28
SID-00-000-000-000-000-387,7,INTERMEDIATE,2024-02-15 00:14:50,2025-02-23 08:35:24
SID-00-000-000-000-000-388,2.2,EXPERT,2025-02-04 16:01:43,2025-02-15 14:05:36
SID-00-000-000-000-000-388,1,EXPERT,2025-10-08 16:44:13,2026-01-09 09:03:42
SID-00-000-000-000-000-389,6.2,BEGINNER,2024-11-09 01:39:08,2025-04-06 13:28:59
SID-00-000-000-000-000-390,2.1,EXPERT,2025-08-24 14:29:54,2026-05-30 01:13:27
SID-00-000-000-000-000-390,1.2,ADVANCED,2025-08-01 12:10:51,2026-04-15 21:40:25
SID-00-000-000-000-000-391,5,ADVANCED,2026-07-03 23:52:24,2026-07-04 20:41:11
SID-00-000-000-000-000-392,8.2,EXPERT,2025-03-13 06:33:01,2025-11-20 19:58:18
SID-00-000-000-000-000-393,7.1,EXPERT,2024-06-16 07:02:12,2025-04-30 20:36:46
SID-00-000-000-000-000-394,6,ADVANCED,2026-08-10 05:45:38,2026-08-30 07:01:35
SID-00-000-000-000-000-395,7.2,ADVANCED,2026-08-27 02:39:25,2026-09-01 14:35:05
SID-00-000-000-000-000-396,4.2,INTERMEDIATE,2025-04-04 21:38:54,2025-06-25 14:37:11
SID-00-000-000-000-000-396,7,EXPERT,2025-09-06 06:38:43,2026-04-03 03:08:10
SID-00-000-000-000-000-397,1,INTERMEDIATE,2025-04-27 21:42:51,2025-08-23 12:30:24
SID-00-000-000-000-000-397,8,BEGINNER,2025-01-07 08:58:32,2026-08-10 16:42:51
SID-00-000-000-000-000-397,3,BEGINNER,2024-04-05 10:16:31,2024-10-16 09:47:45
SID-00-000-000-000-000-397,5.2,INTERMEDIATE,2025-07-15 14:42:51,2025-09-29 01:27:39
SID-00-000-000-000-000-397,7.2,EXPERT,2026-01-24 14:30:41,2026-09-07 10:01:09
SID-00-000-000-000-000-398,3.2,ADVANCED,2026-01-09 06:15:00,2026-04-21 14:32:05
SID-00-000-000-000-000-399,3.2,ADVANCED,2025-09-12 04:35:23,2026-05-11 20:17:39
SID-00-000-000-000-000-400,5.2,EXPERT,2025-01-20 21:33:58,2026-06-18 16:50:13
