user_id,state_id,country_id,user_status_id,user_category_id,full_name,first_name,middle_name,last_name,primary_email_address,primary_phone_number,addr_ln1,addr_ln2,addr_ln3,city_name,zip_code,last_location,last_update_date,time_zone,profile_picture_path,gender,language_1,language_2,language_3,promotion_wizard_stage,promotion_wizard_last_update_date,external_auth_provider,dob
SID-00-000-001-007,GA,1,2,3,Ahmed Ahmed,Ahmed,,Ahmed,user1@example-mock.org,555-0101,,,,Savannah,10001,"(32.16148, -81.139147)",2026-05-30 05:26:38,America/New_York,,M,,,,4,2026-05-30 05:26:38,,
SID-00-000-002-014,MD,1,1,3,Emily Khan,Emily,,Khan,user2@example-mock.org,555-0102,,,,Annapolis,10002,"(39.080901, -76.489901)",2026-02-24 11:48:22,America/New_York,,F,,,,3,2026-02-24 11:48:22,,
SID-00-000-003-021,VA,1,1,1,Ahmed Martinez,Ahmed,,Martinez,user3@example-mock.org,555-0103,,,,Richmond,10003,"(37.66943, -77.322383)",2026-08-16 16:41:39,America/New_York,,Other,,,,3,2026-08-16 16:41:39,,
SID-00-000-004-028,MD,1,2,1,Maya Lee,Maya,,Lee,user4@example-mock.org,555-0104,,,,Baltimore,10004,"(39.178917, -76.619615)",2026-05-02 04:08:11,America/New_York,,Other,,,,5,2026-05-02 04:08:11,,
SID-00-000-005-035,CA,1,1,1,Neha Walker,Neha,,Walker,user5@example-mock.org,555-0105,,,,Sacramento,10005,"(38.551298, -121.442894)",2025-05-28 11:46:07,America/New_York,,M,,,,2,2025-05-28 11:46:07,,
SID-00-000-006-042,VA,1,2,1,Victor Gupta,Victor,,Gupta,user6@example-mock.org,555-0106,,,,Norfolk,10006,"(36.877332, -76.433743)",2026-07-19 23:15:35,America/New_York,,Other,,,,1,2026-07-19 23:15:35,,
SID-00-000-007-049,TX,1,2,1,Ibrahim Scott,Ibrahim,,Scott,user7@example-mock.org,555-0107,,,,Dallas,10007,"(32.690971, -96.907306)",2026-01-12 13:46:18,America/New_York,,M,,,,0,2026-01-12 13:46:18,,
SID-00-000-008-056,OH,1,1,2,Nina Singh,Nina,,Singh,user8@example-mock.org,555-0108,,,,Cleveland,10008,"(41.476374, -81.704293)",2025-09-27 16:42:57,America/New_York,,Other,,,,2,2025-09-27 16:42:57,,
SID-00-000-009-063,MD,1,1,2,Aisha Ahmed,Aisha,,Ahmed,user9@example-mock.org,555-0109,,,,Baltimore,10009,"(39.197877, -76.601314)",2026-05-30 07:03:57,America/New_York,,Other,,,,0,2026-05-30 07:03:57,,
SID-00-000-010-070,VA,1,2,1,Carlos Lee,Carlos,,Lee,user10@example-mock.org,555-0110,,,,Richmond,10010,"(37.681399, -77.30809)",2026-02-05 13:36:21,America/New_York,,M,,,,3,2026-02-05 13:36:21,,
SID-00-000-011-077,VA,1,2,1,Noah Ali,Noah,,Ali,user11@example-mock.org,555-0111,,,,Roanoke,10011,"(37.200561, -79.856179)",2026-02-04 08:09:33,America/New_York,,M,,,,2,2026-02-04 08:09:33,,
SID-00-000-012-084,CA,1,1,1,Nina Wilson,Nina,,Wilson,user12@example-mock.org,555-0112,,,,San Jose,10012,"(37.361954, -121.873641)",2026-08-06 06:45:00,America/New_York,,Other,,,,0,2026-08-06 06:45:00,,
SID-00-000-013-091,NC,1,1,3,Carlos Johnson,Carlos,,Johnson,user13@example-mock.org,555-0113,,,,Charlotte,10013,"(35.255611, -80.790536)",2026-06-25 04:39:56,America/New_York,,M,,,,3,2026-06-25 04:39:56,,
SID-00-000-014-098,FL,1,2,2,Victor Wilson,Victor,,Wilson,user14@example-mock.org,555-0114,,,,Tampa,10014,"(28.081012, -82.545922)",2026-04-29 03:35:42,America/New_York,,F,,,,0,2026-04-29 03:35:42,,
SID-00-000-015-105,VA,1,1,2,John Lopez,John,,Lopez,user15@example-mock.org,555-0115,,,,Roanoke,10015,"(37.307348, -79.922502)",2025-12-01 05:41:06,America/New_York,,M,,,,1,2025-12-01 05:41:06,,
SID-00-000-016-112,NY,1,2,3,Victor Ali,Victor,,Ali,user16@example-mock.org,555-0116,,,,Buffalo,10016,"(42.783724, -78.778277)",2025-10-24 13:44:05,America/New_York,,M,,,,1,2025-10-24 13:44:05,,
SID-00-000-017-119,TX,1,2,1,Aisha Brown,Aisha,,Brown,user17@example-mock.org,555-0117,,,,Austin,10017,"(30.384114, -97.670375)",2026-04-02 09:56:44,America/New_York,,Other,,,,5,2026-04-02 09:56:44,,
SID-00-000-018-126,TX,1,1,1,Rohan Lopez,Rohan,,Lopez,user18@example-mock.org,555-0118,,,,Dallas,10018,"(32.702036, -96.674552)",2025-10-23 13:20:46,America/New_York,,F,,,,1,2025-10-23 13:20:46,,
SID-00-000-019-133,TX,1,1,3,Zara Krishnan,Zara,,Krishnan,user19@example-mock.org,555-0119,,,,Austin,10019,"(30.339569, -97.727596)",2026-08-15 15:59:51,America/New_York,,M,,,,2,2026-08-15 15:59:51,,
SID-00-000-020-140,FL,1,1,3,Neha Singh,Neha,,Singh,user20@example-mock.org,555-0120,,,,Orlando,10020,"(28.517236, -81.516651)",2025-05-20 23:57:06,America/New_York,,M,,,,2,2025-05-20 23:57:06,,
SID-00-000-021-147,GA,1,1,1,Carlos Lee,Carlos,,Lee,user21@example-mock.org,555-0121,,,,Savannah,10021,"(32.223051, -81.016357)",2025-08-01 09:22:14,America/New_York,,Other,,,,2,2025-08-01 09:22:14,,
SID-00-000-022-154,OH,1,1,1,John Johnson,John,,Johnson,user22@example-mock.org,555-0122,,,,Columbus,10022,"(39.891242, -82.912588)",2025-06-24 06:20:03,America/New_York,,F,,,,2,2025-06-24 06:20:03,,
SID-00-000-023-161,TX,1,2,3,Liam Wilson,Liam,,Wilson,user23@example-mock.org,555-0123,,,,Austin,10023,"(30.184077, -97.69509)",2026-04-21 00:27:07,America/New_York,,Other,,,,3,2026-04-21 00:27:07,,
SID-00-000-024-168,GA,1,2,2,Sophia Lee,Sophia,,Lee,user24@example-mock.org,555-0124,,,,Savannah,10024,"(32.212671, -81.206597)",2025-10-25 02:35:23,America/New_York,,Other,,,,2,2025-10-25 02:35:23,,
SID-00-000-025-175,OH,1,1,2,Sophia Singh,Sophia,,Singh,user25@example-mock.org,555-0125,,,,Columbus,10025,"(39.926759, -82.975824)",2025-08-20 21:48:02,America/New_York,,F,,,,0,2025-08-20 21:48:02,,
SID-00-000-026-182,NY,1,2,3,Ahmed Anderson,Ahmed,,Anderson,user26@example-mock.org,555-0126,,,,Buffalo,10026,"(42.935416, -78.991012)",2026-03-22 16:47:36,America/New_York,,M,,,,1,2026-03-22 16:47:36,,
SID-00-000-027-189,OH,1,2,2,Chloe Scott,Chloe,,Scott,user27@example-mock.org,555-0127,,,,Cleveland,10027,"(41.552495, -81.573558)",2026-04-02 04:42:33,America/New_York,,M,,,,3,2026-04-02 04:42:33,,
SID-00-000-028-196,FL,1,2,3,Emily Anderson,Emily,,Anderson,user28@example-mock.org,555-0128,,,,Tampa,10028,"(27.940096, -82.474552)",2026-01-07 22:06:09,America/New_York,,Other,,,,5,2026-01-07 22:06:09,,
SID-00-000-029-203,FL,1,1,1,Carlos Roy,Carlos,,Roy,user29@example-mock.org,555-0129,,,,Tampa,10029,"(27.828616, -82.3216)",2026-04-06 04:06:12,America/New_York,,M,,,,1,2026-04-06 04:06:12,,
SID-00-000-030-210,PA,1,1,1,Ibrahim Chen,Ibrahim,,Chen,user30@example-mock.org,555-0130,,,,Philadelphia,10030,"(39.939225, -75.049359)",2025-08-30 15:54:16,America/New_York,,Other,,,,5,2025-08-30 15:54:16,,
SID-00-000-031-217,VA,1,1,2,Victor Anderson,Victor,,Anderson,user31@example-mock.org,555-0131,,,,Richmond,10031,"(37.624226, -77.520348)",2026-01-08 22:45:10,America/New_York,,M,,,,3,2026-01-08 22:45:10,,
SID-00-000-032-224,GA,1,2,1,Chloe Nair,Chloe,,Nair,user32@example-mock.org,555-0132,,,,Savannah,10032,"(32.215912, -80.973772)",2025-06-01 01:18:10,America/New_York,,Other,,,,3,2025-06-01 01:18:10,,
SID-00-000-033-231,PA,1,2,1,Sophia Anderson,Sophia,,Anderson,user33@example-mock.org,555-0133,,,,Pittsburgh,10033,"(40.516133, -79.893941)",2025-12-19 20:44:37,America/New_York,,Other,,,,2,2025-12-19 20:44:37,,
SID-00-000-034-238,CA,1,1,3,Maria Khan,Maria,,Khan,user34@example-mock.org,555-0134,,,,Sacramento,10034,"(38.532354, -121.376492)",2026-06-13 20:20:39,America/New_York,,M,,,,0,2026-06-13 20:20:39,,
SID-00-000-035-245,OH,1,1,3,Rohan Chen,Rohan,,Chen,user35@example-mock.org,555-0135,,,,Cleveland,10035,"(41.448564, -81.704623)",2025-06-29 23:13:17,America/New_York,,F,,,,3,2025-06-29 23:13:17,,
SID-00-000-036-252,VA,1,1,2,Zara Krishnan,Zara,,Krishnan,user36@example-mock.org,555-0136,,,,Arlington,10036,"(38.821184, -77.124004)",2025-08-26 04:48:30,America/New_York,,M,,,,2,2025-08-26 04:48:30,,
SID-00-000-037-259,OH,1,1,3,Harper Johnson,Harper,,Johnson,user37@example-mock.org,555-0137,,,,Cleveland,10037,"(41.358007, -81.743561)",2025-09-07 09:56:00,America/New_York,,Other,,,,0,2025-09-07 09:56:00,,
SID-00-000-038-266,OH,1,1,2,Noah Lee,Noah,,Lee,user38@example-mock.org,555-0138,,,,Columbus,10038,"(39.836384, -83.020216)",2026-08-04 09:23:47,America/New_York,,F,,,,2,2026-08-04 09:23:47,,
SID-00-000-039-273,OH,1,1,2,Sophia Lopez,Sophia,,Lopez,user39@example-mock.org,555-0139,,,,Cleveland,10039,"(41.574903, -81.594823)",2026-01-12 07:37:48,America/New_York,,M,,,,5,2026-01-12 07:37:48,,
SID-00-000-040-280,MD,1,2,3,Emily Kapoor,Emily,,Kapoor,user40@example-mock.org,555-0140,,,,Baltimore,10040,"(39.36667, -76.477316)",2025-10-09 23:28:21,America/New_York,,M,,,,4,2025-10-09 23:28:21,,
SID-00-000-041-287,CA,1,2,1,David Menon,David,,Menon,user41@example-mock.org,555-0141,,,,Sacramento,10041,"(38.641439, -121.414331)",2025-11-03 23:05:40,America/New_York,,Other,,,,0,2025-11-03 23:05:40,,
SID-00-000-042-294,TX,1,2,3,Maria Scott,Maria,,Scott,user42@example-mock.org,555-0142,,,,Dallas,10042,"(32.745696, -96.732496)",2025-09-05 15:45:41,America/New_York,,Other,,,,0,2025-09-05 15:45:41,,
SID-00-000-043-301,FL,1,2,2,Neha Lopez,Neha,,Lopez,user43@example-mock.org,555-0143,,,,Orlando,10043,"(28.492461, -81.400687)",2025-12-11 13:30:02,America/New_York,,M,,,,3,2025-12-11 13:30:02,,
SID-00-000-044-308,NY,1,2,2,Nina Anderson,Nina,,Anderson,user44@example-mock.org,555-0144,,,,Buffalo,10044,"(42.948593, -78.897754)",2025-10-07 16:45:28,America/New_York,,F,,,,5,2025-10-07 16:45:28,,
SID-00-000-045-315,FL,1,2,2,Maria Brown,Maria,,Brown,user45@example-mock.org,555-0145,,,,Tampa,10045,"(27.897291, -82.533551)",2025-05-30 20:20:15,America/New_York,,M,,,,3,2025-05-30 20:20:15,,
SID-00-000-046-322,NY,1,1,3,Sophia Wilson,Sophia,,Wilson,user46@example-mock.org,555-0146,,,,Albany,10046,"(42.648865, -73.799753)",2026-04-18 19:37:47,America/New_York,,M,,,,0,2026-04-18 19:37:47,,
SID-00-000-047-329,CA,1,1,2,Victor Sheikh,Victor,,Sheikh,user47@example-mock.org,555-0147,,,,Sacramento,10047,"(38.578173, -121.416951)",2025-10-05 07:47:40,America/New_York,,M,,,,3,2025-10-05 07:47:40,,
SID-00-000-048-336,CA,1,2,2,Maya Anderson,Maya,,Anderson,user48@example-mock.org,555-0148,,,,Sacramento,10048,"(38.630788, -121.533694)",2026-03-17 22:24:59,America/New_York,,Other,,,,3,2026-03-17 22:24:59,,
SID-00-000-049-343,TX,1,1,1,Emily Wilson,Emily,,Wilson,user49@example-mock.org,555-0149,,,,Dallas,10049,"(32.702121, -96.910803)",2026-07-12 07:26:04,America/New_York,,M,,,,5,2026-07-12 07:26:04,,
SID-00-000-050-350,PA,1,2,1,Ethan Menon,Ethan,,Menon,user50@example-mock.org,555-0150,,,,Pittsburgh,10050,"(40.507976, -79.852918)",2026-04-20 23:35:04,America/New_York,,F,,,,1,2026-04-20 23:35:04,,
SID-00-000-051-357,TX,1,2,1,Rohan Singh,Rohan,,Singh,user51@example-mock.org,555-0151,,,,Austin,10051,"(30.329606, -97.855125)",2025-11-29 04:33:38,America/New_York,,M,,,,4,2025-11-29 04:33:38,,
SID-00-000-052-364,TX,1,2,2,Rohan Brown,Rohan,,Brown,user52@example-mock.org,555-0152,,,,Dallas,10052,"(32.770314, -96.844788)",2025-06-05 09:19:04,America/New_York,,M,,,,4,2025-06-05 09:19:04,,
SID-00-000-053-371,VA,1,1,3,Ahmed Lopez,Ahmed,,Lopez,user53@example-mock.org,555-0153,,,,Norfolk,10053,"(36.745559, -76.267048)",2026-04-29 07:14:13,America/New_York,,F,,,,3,2026-04-29 07:14:13,,
SID-00-000-054-378,PA,1,1,1,Ahmed Scott,Ahmed,,Scott,user54@example-mock.org,555-0154,,,,Pittsburgh,10054,"(40.54865, -79.848891)",2025-10-23 15:07:02,America/New_York,,Other,,,,1,2025-10-23 15:07:02,,
SID-00-000-055-385,TX,1,2,2,Maria Lee,Maria,,Lee,user55@example-mock.org,555-0155,,,,Austin,10055,"(30.164317, -97.840956)",2026-08-31 02:47:53,America/New_York,,M,,,,1,2026-08-31 02:47:53,,
SID-00-000-056-392,TX,1,1,2,Harper Martinez,Harper,,Martinez,user56@example-mock.org,555-0156,,,,Dallas,10056,"(32.837596, -96.810791)",2026-04-23 09:40:55,America/New_York,,M,,,,4,2026-04-23 09:40:55,,
SID-00-000-057-399,CA,1,2,2,Maria Singh,Maria,,Singh,user57@example-mock.org,555-0157,,,,San Jose,10057,"(37.460723, -121.788311)",2026-06-14 00:07:27,America/New_York,,M,,,,3,2026-06-14 00:07:27,,
SID-00-000-058-406,TX,1,2,3,Fatima Walker,Fatima,,Walker,user58@example-mock.org,555-0158,,,,Dallas,10058,"(32.909503, -96.796858)",2026-07-09 00:41:53,America/New_York,,F,,,,0,2026-07-09 00:41:53,,
SID-00-000-059-413,MD,1,1,2,Ibrahim Scott,Ibrahim,,Scott,user59@example-mock.org,555-0159,,,,Baltimore,10059,"(39.428973, -76.511412)",2026-08-25 00:44:13,America/New_York,,Other,,,,5,2026-08-25 00:44:13,,
SID-00-000-060-420,PA,1,2,2,Omar Sheikh,Omar,,Sheikh,user60@example-mock.org,555-0160,,,,Pittsburgh,10060,"(40.345047, -79.970301)",2026-07-13 20:02:13,America/New_York,,Other,,,,0,2026-07-13 20:02:13,,
SID-00-000-061-427,NC,1,1,2,Harper Johnson,Harper,,Johnson,user61@example-mock.org,555-0161,,,,Raleigh,10061,"(35.753094, -78.639559)",2025-06-28 23:57:10,America/New_York,,F,,,,2,2025-06-28 23:57:10,,
SID-00-000-062-434,MD,1,1,1,Priya Roy,Priya,,Roy,user62@example-mock.org,555-0162,,,,Annapolis,10062,"(39.087873, -76.394722)",2025-06-12 22:40:46,America/New_York,,Other,,,,2,2025-06-12 22:40:46,,
SID-00-000-063-441,FL,1,2,3,Emily Brown,Emily,,Brown,user63@example-mock.org,555-0163,,,,Tampa,10063,"(27.988223, -82.379203)",2025-12-08 03:41:40,America/New_York,,F,,,,0,2025-12-08 03:41:40,,
SID-00-000-064-448,VA,1,2,1,Priya Krishnan,Priya,,Krishnan,user64@example-mock.org,555-0164,,,,Norfolk,10064,"(36.913735, -76.342675)",2026-01-27 20:19:05,America/New_York,,Other,,,,1,2026-01-27 20:19:05,,
SID-00-000-065-455,PA,1,2,1,Fatima Sheikh,Fatima,,Sheikh,user65@example-mock.org,555-0165,,,,Pittsburgh,10065,"(40.443262, -80.063873)",2026-05-02 10:33:19,America/New_York,,Other,,,,4,2026-05-02 10:33:19,,
SID-00-000-066-462,NC,1,2,3,Zara Wilson,Zara,,Wilson,user66@example-mock.org,555-0166,,,,Charlotte,10066,"(35.159974, -80.756098)",2025-07-18 08:24:38,America/New_York,,F,,,,4,2025-07-18 08:24:38,,
SID-00-000-067-469,FL,1,2,2,Fatima Patel,Fatima,,Patel,user67@example-mock.org,555-0167,,,,Tampa,10067,"(28.060178, -82.473236)",2026-03-25 03:01:08,America/New_York,,F,,,,1,2026-03-25 03:01:08,,
SID-00-000-068-476,CA,1,2,3,Rohan Wilson,Rohan,,Wilson,user68@example-mock.org,555-0168,,,,Sacramento,10068,"(38.501669, -121.411737)",2025-08-23 19:08:41,America/New_York,,Other,,,,1,2025-08-23 19:08:41,,
SID-00-000-069-483,PA,1,2,1,Daniel Smith,Daniel,,Smith,user69@example-mock.org,555-0169,,,,Philadelphia,10069,"(39.840474, -75.025594)",2025-05-30 21:57:19,America/New_York,,Other,,,,1,2025-05-30 21:57:19,,
SID-00-000-070-490,OH,1,2,3,Sophia Wilson,Sophia,,Wilson,user70@example-mock.org,555-0170,,,,Columbus,10070,"(39.833648, -82.914342)",2025-10-22 06:23:46,America/New_York,,Other,,,,3,2025-10-22 06:23:46,,
SID-00-000-071-497,NY,1,1,2,Maria Martinez,Maria,,Martinez,user71@example-mock.org,555-0171,,,,Buffalo,10071,"(42.998115, -79.01763)",2025-10-05 23:23:15,America/New_York,,M,,,,5,2025-10-05 23:23:15,,
SID-00-000-072-504,MD,1,2,2,Priya Singh,Priya,,Singh,user72@example-mock.org,555-0172,,,,Annapolis,10072,"(38.878309, -76.55236)",2026-03-13 02:58:03,America/New_York,,M,,,,1,2026-03-13 02:58:03,,
SID-00-000-073-511,GA,1,1,2,David Lee,David,,Lee,user73@example-mock.org,555-0173,,,,Savannah,10073,"(32.100678, -81.003444)",2026-08-05 00:06:55,America/New_York,,Other,,,,1,2026-08-05 00:06:55,,
SID-00-000-074-518,CA,1,1,1,Harper Kapoor,Harper,,Kapoor,user74@example-mock.org,555-0174,,,,Sacramento,10074,"(38.622971, -121.506529)",2025-06-11 15:51:49,America/New_York,,F,,,,2,2025-06-11 15:51:49,,
SID-00-000-075-525,FL,1,2,1,Sophia Walker,Sophia,,Walker,user75@example-mock.org,555-0175,,,,Tampa,10075,"(27.992282, -82.479907)",2025-06-17 12:55:27,America/New_York,,M,,,,3,2025-06-17 12:55:27,,
SID-00-000-076-532,FL,1,1,3,Ahmed Kapoor,Ahmed,,Kapoor,user76@example-mock.org,555-0176,,,,Tampa,10076,"(27.973044, -82.309392)",2025-07-01 21:53:23,America/New_York,,Other,,,,5,2025-07-01 21:53:23,,
SID-00-000-077-539,VA,1,1,3,Carlos Menon,Carlos,,Menon,user77@example-mock.org,555-0177,,,,Roanoke,10077,"(37.370852, -79.82052)",2025-07-10 22:45:07,America/New_York,,F,,,,5,2025-07-10 22:45:07,,
SID-00-000-078-546,NC,1,1,1,Ahmed Walker,Ahmed,,Walker,user78@example-mock.org,555-0178,,,,Charlotte,10078,"(35.348121, -80.799198)",2026-08-12 10:01:33,America/New_York,,F,,,,2,2026-08-12 10:01:33,,
SID-00-000-079-553,OH,1,2,2,Neha Anderson,Neha,,Anderson,user79@example-mock.org,555-0179,,,,Columbus,10079,"(39.871438, -82.912846)",2025-12-30 04:50:48,America/New_York,,F,,,,5,2025-12-30 04:50:48,,
SID-00-000-080-560,NY,1,2,1,Carlos Roy,Carlos,,Roy,user80@example-mock.org,555-0180,,,,Albany,10080,"(42.643099, -73.88361)",2025-09-08 21:23:37,America/New_York,,F,,,,0,2025-09-08 21:23:37,,
SID-00-000-081-567,TX,1,2,1,Harper Brown,Harper,,Brown,user81@example-mock.org,555-0181,,,,Austin,10081,"(30.253636, -97.691251)",2025-11-17 23:47:49,America/New_York,,Other,,,,1,2025-11-17 23:47:49,,
SID-00-000-082-574,PA,1,2,3,Daniel Menon,Daniel,,Menon,user82@example-mock.org,555-0182,,,,Philadelphia,10082,"(39.988464, -75.032249)",2026-04-29 09:30:17,America/New_York,,F,,,,5,2026-04-29 09:30:17,,
SID-00-000-083-581,OH,1,1,2,Ahmed Sheikh,Ahmed,,Sheikh,user83@example-mock.org,555-0183,,,,Columbus,10083,"(39.853133, -82.864922)",2026-06-26 10:27:47,America/New_York,,F,,,,2,2026-06-26 10:27:47,,
SID-00-000-084-588,GA,1,2,1,Zara Gupta,Zara,,Gupta,user84@example-mock.org,555-0184,,,,Savannah,10084,"(32.107102, -81.02322)",2026-07-17 20:44:27,America/New_York,,Other,,,,2,2026-07-17 20:44:27,,
SID-00-000-085-595,CA,1,2,1,Neha Smith,Neha,,Smith,user85@example-mock.org,555-0185,,,,Sacramento,10085,"(38.565009, -121.573566)",2025-09-17 23:17:55,America/New_York,,F,,,,2,2025-09-17 23:17:55,,
SID-00-000-086-602,CA,1,1,1,Maria Roy,Maria,,Roy,user86@example-mock.org,555-0186,,,,San Jose,10086,"(37.472903, -121.789043)",2026-05-22 08:17:17,America/New_York,,F,,,,1,2026-05-22 08:17:17,,
SID-00-000-087-609,NC,1,1,2,Emily Scott,Emily,,Scott,user87@example-mock.org,555-0187,,,,Charlotte,10087,"(35.097683, -80.763553)",2026-05-09 02:24:27,America/New_York,,M,,,,1,2026-05-09 02:24:27,,
SID-00-000-088-616,GA,1,2,1,Priya Khan,Priya,,Khan,user88@example-mock.org,555-0188,,,,Savannah,10088,"(32.170454, -81.208222)",2026-09-04 09:58:03,America/New_York,,M,,,,2,2026-09-04 09:58:03,,
SID-00-000-089-623,VA,1,1,2,Nina Lopez,Nina,,Lopez,user89@example-mock.org,555-0189,,,,Norfolk,10089,"(36.923315, -76.278074)",2026-01-10 17:14:44,America/New_York,,Other,,,,1,2026-01-10 17:14:44,,
SID-00-000-090-630,FL,1,1,2,Harper Anderson,Harper,,Anderson,user90@example-mock.org,555-0190,,,,Orlando,10090,"(28.606473, -81.256574)",2026-04-05 06:36:04,America/New_York,,F,,,,3,2026-04-05 06:36:04,,
SID-00-000-091-637,MD,1,2,3,Maria Wilson,Maria,,Wilson,user91@example-mock.org,555-0191,,,,Annapolis,10091,"(39.04212, -76.509131)",2025-10-11 23:19:30,America/New_York,,Other,,,,4,2025-10-11 23:19:30,,
SID-00-000-092-644,GA,1,1,3,Ahmed Walker,Ahmed,,Walker,user92@example-mock.org,555-0192,,,,Savannah,10092,"(32.045171, -81.061982)",2025-12-15 14:58:02,America/New_York,,Other,,,,4,2025-12-15 14:58:02,,
SID-00-000-093-651,CA,1,2,2,Daniel Walker,Daniel,,Walker,user93@example-mock.org,555-0193,,,,Sacramento,10093,"(38.567066, -121.575852)",2026-02-17 08:04:12,America/New_York,,F,,,,5,2026-02-17 08:04:12,,
SID-00-000-094-658,TX,1,1,3,Fatima Lopez,Fatima,,Lopez,user94@example-mock.org,555-0194,,,,Dallas,10094,"(32.912778, -96.740954)",2026-07-04 06:01:56,America/New_York,,Other,,,,2,2026-07-04 06:01:56,,
SID-00-000-095-665,NC,1,2,3,Daniel Roy,Daniel,,Roy,user95@example-mock.org,555-0195,,,,Charlotte,10095,"(35.25304, -80.824624)",2026-06-28 01:52:53,America/New_York,,M,,,,2,2026-06-28 01:52:53,,
SID-00-000-096-672,FL,1,2,3,Emily Khan,Emily,,Khan,user96@example-mock.org,555-0196,,,,Tampa,10096,"(27.906094, -82.433824)",2025-09-22 10:28:49,America/New_York,,F,,,,0,2025-09-22 10:28:49,,
SID-00-000-097-679,TX,1,2,1,Chloe Menon,Chloe,,Menon,user97@example-mock.org,555-0197,,,,Austin,10097,"(30.359366, -97.639553)",2025-09-23 13:19:27,America/New_York,,M,,,,2,2025-09-23 13:19:27,,
SID-00-000-098-686,TX,1,1,1,Aisha Scott,Aisha,,Scott,user98@example-mock.org,555-0198,,,,Dallas,10098,"(32.732007, -96.892578)",2025-09-17 08:30:59,America/New_York,,Other,,,,4,2025-09-17 08:30:59,,
SID-00-000-099-693,CA,1,1,1,Neha Ali,Neha,,Ali,user99@example-mock.org,555-0199,,,,Sacramento,10099,"(38.55755, -121.542131)",2025-09-06 19:44:05,America/New_York,,M,,,,1,2025-09-06 19:44:05,,
SID-00-000-100-700,FL,1,2,1,Harper Ahmed,Harper,,Ahmed,user100@example-mock.org,555-0200,,,,Orlando,10100,"(28.590491, -81.447569)",2025-12-27 01:01:38,America/New_York,,Other,,,,0,2025-12-27 01:01:38,,
SID-00-000-101-707,NY,1,2,3,Ibrahim Sheikh,Ibrahim,,Sheikh,user101@example-mock.org,555-0201,,,,Buffalo,10101,"(42.769667, -78.824935)",2025-11-22 08:09:13,America/New_York,,M,,,,0,2025-11-22 08:09:13,,
SID-00-000-102-714,CA,1,2,1,Sophia Ali,Sophia,,Ali,user102@example-mock.org,555-0202,,,,Sacramento,10102,"(38.715197, -121.414195)",2026-03-03 09:17:34,America/New_York,,M,,,,3,2026-03-03 09:17:34,,
SID-00-000-103-721,GA,1,2,1,Neha Lopez,Neha,,Lopez,user103@example-mock.org,555-0203,,,,Atlanta,10103,"(33.749079, -84.287994)",2026-02-07 15:27:52,America/New_York,,F,,,,4,2026-02-07 15:27:52,,
SID-00-000-104-728,OH,1,2,3,John Johnson,John,,Johnson,user104@example-mock.org,555-0204,,,,Cleveland,10104,"(41.56215, -81.719092)",2026-08-12 20:44:56,America/New_York,,F,,,,0,2026-08-12 20:44:56,,
SID-00-000-105-735,OH,1,1,2,Ethan Lopez,Ethan,,Lopez,user105@example-mock.org,555-0205,,,,Columbus,10105,"(39.884195, -82.972139)",2026-02-19 11:13:16,America/New_York,,M,,,,0,2026-02-19 11:13:16,,
SID-00-000-106-742,GA,1,1,1,Neha Patel,Neha,,Patel,user106@example-mock.org,555-0206,,,,Atlanta,10106,"(33.758181, -84.479829)",2025-09-05 17:25:27,America/New_York,,M,,,,2,2025-09-05 17:25:27,,
SID-00-000-107-749,CA,1,2,3,Omar Lopez,Omar,,Lopez,user107@example-mock.org,555-0207,,,,San Jose,10107,"(37.36892, -121.808235)",2026-06-04 02:47:14,America/New_York,,Other,,,,5,2026-06-04 02:47:14,,
SID-00-000-108-756,FL,1,2,2,Aisha Walker,Aisha,,Walker,user108@example-mock.org,555-0208,,,,Tampa,10108,"(28.059874, -82.419035)",2026-07-29 02:59:50,America/New_York,,Other,,,,0,2026-07-29 02:59:50,,
SID-00-000-109-763,NY,1,1,3,Rohan Patel,Rohan,,Patel,user109@example-mock.org,555-0209,,,,Albany,10109,"(42.595722, -73.770626)",2025-06-20 20:22:35,America/New_York,,Other,,,,4,2025-06-20 20:22:35,,
SID-00-000-110-770,OH,1,2,3,Nina Singh,Nina,,Singh,user110@example-mock.org,555-0210,,,,Cleveland,10110,"(41.523399, -81.558131)",2026-01-19 16:44:16,America/New_York,,F,,,,4,2026-01-19 16:44:16,,
SID-00-000-111-777,NC,1,1,1,Daniel Iyer,Daniel,,Iyer,user111@example-mock.org,555-0211,,,,Charlotte,10111,"(35.212257, -80.74981)",2026-07-25 13:17:40,America/New_York,,Other,,,,3,2026-07-25 13:17:40,,
SID-00-000-112-784,PA,1,1,3,Liam Ahmed,Liam,,Ahmed,user112@example-mock.org,555-0212,,,,Philadelphia,10112,"(39.911769, -75.039819)",2025-08-07 21:14:38,America/New_York,,Other,,,,2,2025-08-07 21:14:38,,
SID-00-000-113-791,MD,1,1,2,Ahmed Brown,Ahmed,,Brown,user113@example-mock.org,555-0213,,,,Annapolis,10113,"(38.856752, -76.438686)",2025-09-11 08:49:45,America/New_York,,M,,,,4,2025-09-11 08:49:45,,
SID-00-000-114-798,NC,1,2,3,Harper Johnson,Harper,,Johnson,user114@example-mock.org,555-0214,,,,Raleigh,10114,"(35.72267, -78.591384)",2026-07-04 13:35:21,America/New_York,,F,,,,5,2026-07-04 13:35:21,,
SID-00-000-115-805,NY,1,2,3,Nina Roy,Nina,,Roy,user115@example-mock.org,555-0215,,,,Albany,10115,"(42.703635, -73.657512)",2025-05-10 05:05:23,America/New_York,,F,,,,0,2025-05-10 05:05:23,,
SID-00-000-116-812,NY,1,2,1,Fatima Chen,Fatima,,Chen,user116@example-mock.org,555-0216,,,,Buffalo,10116,"(42.790479, -78.964142)",2026-04-27 20:55:58,America/New_York,,Other,,,,4,2026-04-27 20:55:58,,
SID-00-000-117-819,GA,1,1,3,Chloe Khan,Chloe,,Khan,user117@example-mock.org,555-0217,,,,Atlanta,10117,"(33.797579, -84.275082)",2025-10-20 08:38:25,America/New_York,,Other,,,,1,2025-10-20 08:38:25,,
SID-00-000-118-826,PA,1,2,1,Carlos Walker,Carlos,,Walker,user118@example-mock.org,555-0218,,,,Philadelphia,10118,"(39.925858, -75.112291)",2025-11-02 23:17:54,America/New_York,,Other,,,,1,2025-11-02 23:17:54,,
SID-00-000-119-833,TX,1,2,3,Harper Scott,Harper,,Scott,user119@example-mock.org,555-0219,,,,Dallas,10119,"(32.897892, -96.888795)",2026-01-28 15:44:01,America/New_York,,Other,,,,3,2026-01-28 15:44:01,,
SID-00-000-120-840,NC,1,1,3,Sophia Singh,Sophia,,Singh,user120@example-mock.org,555-0220,,,,Charlotte,10120,"(35.317478, -80.95158)",2025-10-20 18:25:19,America/New_York,,Other,,,,0,2025-10-20 18:25:19,,
SID-00-000-121-847,TX,1,2,2,Ethan Khan,Ethan,,Khan,user121@example-mock.org,555-0221,,,,Austin,10121,"(30.346135, -97.811263)",2025-06-20 12:51:08,America/New_York,,M,,,,3,2025-06-20 12:51:08,,
SID-00-000-122-854,VA,1,2,1,Maria Patel,Maria,,Patel,user122@example-mock.org,555-0222,,,,Roanoke,10122,"(37.271602, -80.020667)",2026-05-04 17:57:02,America/New_York,,M,,,,0,2026-05-04 17:57:02,,
SID-00-000-123-861,TX,1,1,2,Victor Sheikh,Victor,,Sheikh,user123@example-mock.org,555-0223,,,,Dallas,10123,"(32.835522, -96.905362)",2025-12-31 14:19:42,America/New_York,,M,,,,1,2025-12-31 14:19:42,,
SID-00-000-124-868,GA,1,2,1,Ahmed Smith,Ahmed,,Smith,user124@example-mock.org,555-0224,,,,Savannah,10124,"(31.964256, -81.15477)",2026-08-06 18:36:20,America/New_York,,M,,,,3,2026-08-06 18:36:20,,
SID-00-000-125-875,FL,1,2,1,Victor Khan,Victor,,Khan,user125@example-mock.org,555-0225,,,,Orlando,10125,"(28.577886, -81.356686)",2026-03-22 00:33:09,America/New_York,,Other,,,,3,2026-03-22 00:33:09,,
SID-00-000-126-882,NC,1,2,2,Ethan Krishnan,Ethan,,Krishnan,user126@example-mock.org,555-0226,,,,Charlotte,10126,"(35.234145, -80.884919)",2025-12-18 08:24:23,America/New_York,,M,,,,5,2025-12-18 08:24:23,,
SID-00-000-127-889,OH,1,2,1,Maria Patel,Maria,,Patel,user127@example-mock.org,555-0227,,,,Cleveland,10127,"(41.425395, -81.839527)",2026-05-06 16:50:55,America/New_York,,M,,,,2,2026-05-06 16:50:55,,
SID-00-000-128-896,GA,1,1,1,Harper Walker,Harper,,Walker,user128@example-mock.org,555-0228,,,,Savannah,10128,"(32.174953, -81.188673)",2025-09-15 12:20:50,America/New_York,,Other,,,,3,2025-09-15 12:20:50,,
SID-00-000-129-903,VA,1,2,2,Rohan Wilson,Rohan,,Wilson,user129@example-mock.org,555-0229,,,,Arlington,10129,"(38.792077, -77.003667)",2026-03-25 01:41:20,America/New_York,,M,,,,5,2026-03-25 01:41:20,,
SID-00-000-130-910,CA,1,2,2,Omar Wilson,Omar,,Wilson,user130@example-mock.org,555-0230,,,,Sacramento,10130,"(38.538692, -121.410148)",2026-04-25 05:27:23,America/New_York,,Other,,,,3,2026-04-25 05:27:23,,
SID-00-000-131-917,OH,1,2,1,Fatima Patel,Fatima,,Patel,user131@example-mock.org,555-0231,,,,Cleveland,10131,"(41.641417, -81.695539)",2025-07-13 10:49:50,America/New_York,,F,,,,4,2025-07-13 10:49:50,,
SID-00-000-132-924,NC,1,2,1,Harper Ali,Harper,,Ali,user132@example-mock.org,555-0232,,,,Raleigh,10132,"(35.725963, -78.764179)",2026-04-03 04:09:35,America/New_York,,Other,,,,3,2026-04-03 04:09:35,,
SID-00-000-133-931,NY,1,1,3,Neha Menon,Neha,,Menon,user133@example-mock.org,555-0233,,,,Buffalo,10133,"(42.749107, -78.767389)",2026-01-27 00:55:14,America/New_York,,Other,,,,3,2026-01-27 00:55:14,,
SID-00-000-134-938,NY,1,1,1,Chloe Roy,Chloe,,Roy,user134@example-mock.org,555-0234,,,,Albany,10134,"(42.788437, -73.863366)",2025-07-14 09:52:40,America/New_York,,Other,,,,2,2025-07-14 09:52:40,,
SID-00-000-135-945,NY,1,1,3,Aisha Roy,Aisha,,Roy,user135@example-mock.org,555-0235,,,,Buffalo,10135,"(43.02124, -79.018684)",2026-01-10 17:25:51,America/New_York,,M,,,,4,2026-01-10 17:25:51,,
SID-00-000-136-952,NY,1,2,3,John Kapoor,John,,Kapoor,user136@example-mock.org,555-0236,,,,Buffalo,10136,"(42.830716, -78.944793)",2025-08-21 12:41:53,America/New_York,,M,,,,2,2025-08-21 12:41:53,,
SID-00-000-137-959,TX,1,2,1,Victor Sheikh,Victor,,Sheikh,user137@example-mock.org,555-0237,,,,Dallas,10137,"(32.691071, -96.763437)",2026-05-10 20:23:22,America/New_York,,Other,,,,3,2026-05-10 20:23:22,,
SID-00-000-138-966,MD,1,1,2,Maya Krishnan,Maya,,Krishnan,user138@example-mock.org,555-0238,,,,Annapolis,10138,"(39.028752, -76.429338)",2026-04-18 05:50:43,America/New_York,,Other,,,,1,2026-04-18 05:50:43,,
SID-00-000-139-973,MD,1,2,3,Fatima Kapoor,Fatima,,Kapoor,user139@example-mock.org,555-0239,,,,Baltimore,10139,"(39.37802, -76.691179)",2026-03-04 21:05:44,America/New_York,,M,,,,4,2026-03-04 21:05:44,,
SID-00-000-140-980,MD,1,1,1,Nina Sheikh,Nina,,Sheikh,user140@example-mock.org,555-0240,,,,Baltimore,10140,"(39.233187, -76.462321)",2025-12-15 17:52:51,America/New_York,,F,,,,5,2025-12-15 17:52:51,,
SID-00-000-141-987,MD,1,2,3,Aisha Krishnan,Aisha,,Krishnan,user141@example-mock.org,555-0241,,,,Annapolis,10141,"(38.96815, -76.486992)",2025-09-29 15:19:30,America/New_York,,M,,,,0,2025-09-29 15:19:30,,
SID-00-000-142-994,GA,1,1,2,Victor Martinez,Victor,,Martinez,user142@example-mock.org,555-0242,,,,Atlanta,10142,"(33.690237, -84.48941)",2026-03-21 17:49:00,America/New_York,,M,,,,5,2026-03-21 17:49:00,,
SID-00-000-143-001,GA,1,1,1,Maya Lopez,Maya,,Lopez,user143@example-mock.org,555-0243,,,,Savannah,10143,"(31.968451, -81.150353)",2025-12-09 07:15:43,America/New_York,,Other,,,,4,2025-12-09 07:15:43,,
SID-00-000-144-008,FL,1,2,3,Priya Lopez,Priya,,Lopez,user144@example-mock.org,555-0244,,,,Tampa,10144,"(28.053359, -82.438115)",2026-08-19 07:16:44,America/New_York,,M,,,,4,2026-08-19 07:16:44,,
SID-00-000-145-015,OH,1,2,2,Ahmed Gupta,Ahmed,,Gupta,user145@example-mock.org,555-0245,,,,Columbus,10145,"(39.960611, -82.960651)",2026-03-24 04:30:28,America/New_York,,F,,,,0,2026-03-24 04:30:28,,
SID-00-000-146-022,VA,1,2,3,Emily Wilson,Emily,,Wilson,user146@example-mock.org,555-0246,,,,Norfolk,10146,"(36.832682, -76.290625)",2025-10-21 17:09:18,America/New_York,,F,,,,3,2025-10-21 17:09:18,,
SID-00-000-147-029,NC,1,1,1,Carlos Walker,Carlos,,Walker,user147@example-mock.org,555-0247,,,,Raleigh,10147,"(35.784094, -78.756345)",2026-06-30 06:39:46,America/New_York,,M,,,,2,2026-06-30 06:39:46,,
SID-00-000-148-036,OH,1,2,3,David Wilson,David,,Wilson,user148@example-mock.org,555-0248,,,,Cleveland,10148,"(41.423781, -81.584808)",2025-11-01 06:18:36,America/New_York,,F,,,,3,2025-11-01 06:18:36,,
SID-00-000-149-043,TX,1,1,1,Ethan Walker,Ethan,,Walker,user149@example-mock.org,555-0249,,,,Dallas,10149,"(32.633653, -96.66343)",2026-05-04 08:45:27,America/New_York,,F,,,,3,2026-05-04 08:45:27,,
SID-00-000-150-050,FL,1,2,2,John Ahmed,John,,Ahmed,user150@example-mock.org,555-0250,,,,Tampa,10150,"(27.886325, -82.604747)",2026-07-03 10:33:12,America/New_York,,M,,,,3,2026-07-03 10:33:12,,
SID-00-000-151-057,VA,1,1,1,Liam Anderson,Liam,,Anderson,user151@example-mock.org,555-0251,,,,Norfolk,10151,"(36.809557, -76.349319)",2026-01-08 04:56:38,America/New_York,,M,,,,3,2026-01-08 04:56:38,,
SID-00-000-152-064,NY,1,1,1,Aisha Chen,Aisha,,Chen,user152@example-mock.org,555-0252,,,,Buffalo,10152,"(42.90375, -78.918718)",2025-10-26 00:27:39,America/New_York,,M,,,,1,2025-10-26 00:27:39,,
SID-00-000-153-071,NY,1,2,3,Ethan Khan,Ethan,,Khan,user153@example-mock.org,555-0253,,,,Buffalo,10153,"(42.8922, -78.983718)",2026-03-13 17:14:44,America/New_York,,Other,,,,2,2026-03-13 17:14:44,,
SID-00-000-154-078,FL,1,2,2,Fatima Iyer,Fatima,,Iyer,user154@example-mock.org,555-0254,,,,Tampa,10154,"(27.952794, -82.454286)",2025-11-17 00:50:22,America/New_York,,Other,,,,0,2025-11-17 00:50:22,,
SID-00-000-155-085,OH,1,1,3,Victor Gupta,Victor,,Gupta,user155@example-mock.org,555-0255,,,,Cleveland,10155,"(41.588326, -81.626803)",2026-08-19 19:39:26,America/New_York,,M,,,,4,2026-08-19 19:39:26,,
SID-00-000-156-092,PA,1,1,1,Liam Khan,Liam,,Khan,user156@example-mock.org,555-0256,,,,Philadelphia,10156,"(39.95987, -75.098845)",2025-06-24 16:44:33,America/New_York,,M,,,,3,2025-06-24 16:44:33,,
SID-00-000-157-099,NY,1,1,3,Zara Anderson,Zara,,Anderson,user157@example-mock.org,555-0257,,,,Buffalo,10157,"(42.781829, -78.82125)",2025-08-16 03:11:15,America/New_York,,M,,,,4,2025-08-16 03:11:15,,
SID-00-000-158-106,CA,1,2,3,Liam Wilson,Liam,,Wilson,user158@example-mock.org,555-0258,,,,Sacramento,10158,"(38.731037, -121.500889)",2026-06-19 23:39:37,America/New_York,,F,,,,5,2026-06-19 23:39:37,,
SID-00-000-159-113,TX,1,1,3,Maya Ali,Maya,,Ali,user159@example-mock.org,555-0259,,,,Dallas,10159,"(32.684379, -96.873044)",2026-05-18 09:45:36,America/New_York,,Other,,,,3,2026-05-18 09:45:36,,
SID-00-000-160-120,NY,1,2,2,Nina Brown,Nina,,Brown,user160@example-mock.org,555-0260,,,,Buffalo,10160,"(42.841041, -78.74829)",2026-04-10 15:21:42,America/New_York,,F,,,,1,2026-04-10 15:21:42,,
SID-00-000-161-127,TX,1,1,1,Neha Walker,Neha,,Walker,user161@example-mock.org,555-0261,,,,Austin,10161,"(30.203489, -97.678858)",2025-10-09 14:15:40,America/New_York,,Other,,,,2,2025-10-09 14:15:40,,
SID-00-000-162-134,GA,1,1,3,Ibrahim Martinez,Ibrahim,,Martinez,user162@example-mock.org,555-0262,,,,Savannah,10162,"(31.972082, -81.056497)",2026-05-06 07:46:21,America/New_York,,M,,,,0,2026-05-06 07:46:21,,
SID-00-000-163-141,MD,1,2,3,Harper Khan,Harper,,Khan,user163@example-mock.org,555-0263,,,,Annapolis,10163,"(38.927488, -76.500479)",2026-09-13 14:57:43,America/New_York,,F,,,,3,2026-09-13 14:57:43,,
SID-00-000-164-148,CA,1,1,1,Maria Gupta,Maria,,Gupta,user164@example-mock.org,555-0264,,,,Sacramento,10164,"(38.52795, -121.450631)",2025-11-14 21:22:45,America/New_York,,F,,,,1,2025-11-14 21:22:45,,
SID-00-000-165-155,VA,1,1,2,Nina Ali,Nina,,Ali,user165@example-mock.org,555-0265,,,,Roanoke,10165,"(37.357388, -80.035507)",2025-05-26 00:17:18,America/New_York,,F,,,,3,2025-05-26 00:17:18,,
SID-00-000-166-162,GA,1,2,1,Ethan Walker,Ethan,,Walker,user166@example-mock.org,555-0266,,,,Savannah,10166,"(32.197678, -81.20094)",2026-04-24 23:56:40,America/New_York,,Other,,,,3,2026-04-24 23:56:40,,
SID-00-000-167-169,TX,1,2,2,Ahmed Scott,Ahmed,,Scott,user167@example-mock.org,555-0267,,,,Austin,10167,"(30.121425, -97.791966)",2025-09-11 15:57:26,America/New_York,,Other,,,,2,2025-09-11 15:57:26,,
SID-00-000-168-176,MD,1,2,1,Aisha Sheikh,Aisha,,Sheikh,user168@example-mock.org,555-0268,,,,Annapolis,10168,"(39.029177, -76.586766)",2026-03-05 06:57:20,America/New_York,,F,,,,2,2026-03-05 06:57:20,,
SID-00-000-169-183,NY,1,1,2,Sophia Gupta,Sophia,,Gupta,user169@example-mock.org,555-0269,,,,Buffalo,10169,"(42.911138, -78.856537)",2026-02-15 19:31:40,America/New_York,,F,,,,1,2026-02-15 19:31:40,,
SID-00-000-170-190,OH,1,2,1,Ahmed Patel,Ahmed,,Patel,user170@example-mock.org,555-0270,,,,Cleveland,10170,"(41.556387, -81.652787)",2025-10-14 01:57:55,America/New_York,,F,,,,5,2025-10-14 01:57:55,,
SID-00-000-171-197,FL,1,1,3,Fatima Krishnan,Fatima,,Krishnan,user171@example-mock.org,555-0271,,,,Tampa,10171,"(27.925354, -82.44243)",2025-07-27 04:52:35,America/New_York,,F,,,,4,2025-07-27 04:52:35,,
SID-00-000-172-204,NY,1,1,2,Maya Anderson,Maya,,Anderson,user172@example-mock.org,555-0272,,,,Albany,10172,"(42.777773, -73.872537)",2026-05-23 14:46:33,America/New_York,,Other,,,,3,2026-05-23 14:46:33,,
SID-00-000-173-211,MD,1,2,2,Ethan Walker,Ethan,,Walker,user173@example-mock.org,555-0273,,,,Baltimore,10173,"(39.355475, -76.615552)",2025-07-12 19:57:00,America/New_York,,Other,,,,0,2025-07-12 19:57:00,,
SID-00-000-174-218,GA,1,1,1,Priya Johnson,Priya,,Johnson,user174@example-mock.org,555-0274,,,,Savannah,10174,"(32.13273, -81.148749)",2026-05-01 20:02:03,America/New_York,,F,,,,2,2026-05-01 20:02:03,,
SID-00-000-175-225,MD,1,2,2,Fatima Singh,Fatima,,Singh,user175@example-mock.org,555-0275,,,,Baltimore,10175,"(39.420775, -76.741494)",2026-03-29 08:48:39,America/New_York,,F,,,,3,2026-03-29 08:48:39,,
SID-00-000-176-232,OH,1,2,3,Maya Khan,Maya,,Khan,user176@example-mock.org,555-0276,,,,Cleveland,10176,"(41.373375, -81.555157)",2025-09-20 07:35:10,America/New_York,,M,,,,5,2025-09-20 07:35:10,,
SID-00-000-177-239,CA,1,2,1,Noah Roy,Noah,,Roy,user177@example-mock.org,555-0277,,,,San Jose,10177,"(37.415054, -121.742753)",2025-08-28 02:44:49,America/New_York,,M,,,,3,2025-08-28 02:44:49,,
SID-00-000-178-246,NY,1,1,1,Nina Smith,Nina,,Smith,user178@example-mock.org,555-0278,,,,Albany,10178,"(42.585295, -73.624977)",2026-08-20 05:11:18,America/New_York,,M,,,,0,2026-08-20 05:11:18,,
SID-00-000-179-253,FL,1,1,3,Rohan Martinez,Rohan,,Martinez,user179@example-mock.org,555-0279,,,,Orlando,10179,"(28.522232, -81.327593)",2025-08-15 05:32:06,America/New_York,,M,,,,0,2025-08-15 05:32:06,,
SID-00-000-180-260,NC,1,2,1,Ibrahim Wilson,Ibrahim,,Wilson,user180@example-mock.org,555-0280,,,,Raleigh,10180,"(35.699848, -78.513281)",2025-11-20 08:41:38,America/New_York,,F,,,,1,2025-11-20 08:41:38,,
SID-00-000-181-267,GA,1,2,3,Maya Scott,Maya,,Scott,user181@example-mock.org,555-0281,,,,Atlanta,10181,"(33.723068, -84.455454)",2025-06-13 17:18:03,America/New_York,,F,,,,0,2025-06-13 17:18:03,,
SID-00-000-182-274,NY,1,2,1,Zara Ahmed,Zara,,Ahmed,user182@example-mock.org,555-0282,,,,Buffalo,10182,"(42.972141, -78.93278)",2026-06-14 05:50:34,America/New_York,,M,,,,2,2026-06-14 05:50:34,,
SID-00-000-183-281,NC,1,2,1,Zara Krishnan,Zara,,Krishnan,user183@example-mock.org,555-0283,,,,Raleigh,10183,"(35.904022, -78.619484)",2025-12-01 01:48:23,America/New_York,,F,,,,5,2025-12-01 01:48:23,,
SID-00-000-184-288,MD,1,1,1,Nina Chen,Nina,,Chen,user184@example-mock.org,555-0284,,,,Annapolis,10184,"(39.08254, -76.614461)",2026-08-03 20:41:55,America/New_York,,M,,,,4,2026-08-03 20:41:55,,
SID-00-000-185-295,GA,1,1,3,Daniel Ali,Daniel,,Ali,user185@example-mock.org,555-0285,,,,Atlanta,10185,"(33.742818, -84.277158)",2025-05-14 20:28:57,America/New_York,,F,,,,1,2025-05-14 20:28:57,,
SID-00-000-186-302,FL,1,2,2,Daniel Ali,Daniel,,Ali,user186@example-mock.org,555-0286,,,,Orlando,10186,"(28.50729, -81.457401)",2026-02-22 02:54:00,America/New_York,,F,,,,2,2026-02-22 02:54:00,,
SID-00-000-187-309,GA,1,2,2,Nina Sheikh,Nina,,Sheikh,user187@example-mock.org,555-0287,,,,Savannah,10187,"(32.070701, -81.000355)",2025-08-22 07:35:01,America/New_York,,F,,,,0,2025-08-22 07:35:01,,
SID-00-000-188-316,FL,1,1,2,Maya Scott,Maya,,Scott,user188@example-mock.org,555-0288,,,,Orlando,10188,"(28.610676, -81.524334)",2025-11-03 09:07:40,America/New_York,,M,,,,3,2025-11-03 09:07:40,,
SID-00-000-189-323,FL,1,2,2,Harper Wilson,Harper,,Wilson,user189@example-mock.org,555-0289,,,,Orlando,10189,"(28.53809, -81.332818)",2026-05-02 03:42:52,America/New_York,,M,,,,5,2026-05-02 03:42:52,,
SID-00-000-190-330,NY,1,1,3,David Krishnan,David,,Krishnan,user190@example-mock.org,555-0290,,,,Albany,10190,"(42.544588, -73.742236)",2025-10-08 17:03:46,America/New_York,,M,,,,0,2025-10-08 17:03:46,,
SID-00-000-191-337,OH,1,2,1,Victor Khan,Victor,,Khan,user191@example-mock.org,555-0291,,,,Columbus,10191,"(40.063963, -83.07937)",2026-08-29 11:53:16,America/New_York,,Other,,,,5,2026-08-29 11:53:16,,
SID-00-000-192-344,FL,1,2,3,Maya Krishnan,Maya,,Krishnan,user192@example-mock.org,555-0292,,,,Tampa,10192,"(27.998385, -82.60248)",2026-01-19 06:21:21,America/New_York,,F,,,,0,2026-01-19 06:21:21,,
SID-00-000-193-351,GA,1,2,2,John Smith,John,,Smith,user193@example-mock.org,555-0293,,,,Savannah,10193,"(32.17275, -80.968268)",2025-11-29 01:20:44,America/New_York,,F,,,,3,2025-11-29 01:20:44,,
SID-00-000-194-358,MD,1,1,1,Carlos Iyer,Carlos,,Iyer,user194@example-mock.org,555-0294,,,,Annapolis,10194,"(39.116189, -76.504501)",2026-05-15 02:50:46,America/New_York,,F,,,,3,2026-05-15 02:50:46,,
SID-00-000-195-365,OH,1,1,3,David Lopez,David,,Lopez,user195@example-mock.org,555-0295,,,,Cleveland,10195,"(41.366134, -81.841565)",2025-12-25 15:43:21,America/New_York,,M,,,,1,2025-12-25 15:43:21,,
SID-00-000-196-372,CA,1,1,1,Harper Brown,Harper,,Brown,user196@example-mock.org,555-0296,,,,Sacramento,10196,"(38.512929, -121.367152)",2025-06-02 06:41:44,America/New_York,,F,,,,0,2025-06-02 06:41:44,,
SID-00-000-197-379,CA,1,2,3,Liam Lopez,Liam,,Lopez,user197@example-mock.org,555-0297,,,,San Jose,10197,"(37.413876, -121.822487)",2026-04-04 02:50:20,America/New_York,,Other,,,,2,2026-04-04 02:50:20,,
SID-00-000-198-386,OH,1,2,1,Maria Anderson,Maria,,Anderson,user198@example-mock.org,555-0298,,,,Columbus,10198,"(40.048349, -82.942007)",2025-08-02 05:31:00,America/New_York,,M,,,,2,2025-08-02 05:31:00,,
SID-00-000-199-393,FL,1,2,3,Omar Brown,Omar,,Brown,user199@example-mock.org,555-0299,,,,Tampa,10199,"(28.091276, -82.509287)",2025-07-27 13:19:42,America/New_York,,F,,,,3,2025-07-27 13:19:42,,
SID-00-000-200-400,NC,1,2,3,Carlos Iyer,Carlos,,Iyer,user200@example-mock.org,555-0300,,,,Raleigh,10200,"(35.655308, -78.602615)",2026-07-18 20:54:40,America/New_York,,Other,,,,1,2026-07-18 20:54:40,,
SID-00-000-201-407,OH,1,1,1,Ahmed Walker,Ahmed,,Walker,user201@example-mock.org,555-0301,,,,Cleveland,10201,"(41.45751, -81.816944)",2026-02-17 03:44:46,America/New_York,,F,,,,3,2026-02-17 03:44:46,,
SID-00-000-202-414,GA,1,2,1,Maya Lopez,Maya,,Lopez,user202@example-mock.org,555-0302,,,,Savannah,10202,"(31.961888, -81.214314)",2025-11-10 21:41:54,America/New_York,,F,,,,3,2025-11-10 21:41:54,,
SID-00-000-203-421,OH,1,1,1,Carlos Scott,Carlos,,Scott,user203@example-mock.org,555-0303,,,,Columbus,10203,"(40.028653, -82.980939)",2025-12-15 08:05:55,America/New_York,,F,,,,2,2025-12-15 08:05:55,,
SID-00-000-204-428,TX,1,2,2,Sophia Ahmed,Sophia,,Ahmed,user204@example-mock.org,555-0304,,,,Dallas,10204,"(32.67048, -96.896838)",2026-04-11 09:33:17,America/New_York,,M,,,,5,2026-04-11 09:33:17,,
SID-00-000-205-435,PA,1,2,2,Priya Johnson,Priya,,Johnson,user205@example-mock.org,555-0305,,,,Philadelphia,10205,"(39.939958, -75.274553)",2026-03-12 22:30:17,America/New_York,,F,,,,5,2026-03-12 22:30:17,,
SID-00-000-206-442,FL,1,2,2,Victor Chen,Victor,,Chen,user206@example-mock.org,555-0306,,,,Orlando,10206,"(28.478431, -81.348237)",2025-12-20 13:21:48,America/New_York,,Other,,,,5,2025-12-20 13:21:48,,
SID-00-000-207-449,PA,1,1,3,Liam Patel,Liam,,Patel,user207@example-mock.org,555-0307,,,,Philadelphia,10207,"(39.900366, -75.23111)",2026-06-27 04:27:13,America/New_York,,Other,,,,0,2026-06-27 04:27:13,,
SID-00-000-208-456,PA,1,1,3,Victor Lopez,Victor,,Lopez,user208@example-mock.org,555-0308,,,,Philadelphia,10208,"(39.934136, -75.227801)",2025-07-15 19:49:15,America/New_York,,F,,,,1,2025-07-15 19:49:15,,
SID-00-000-209-463,TX,1,2,3,Maria Walker,Maria,,Walker,user209@example-mock.org,555-0309,,,,Austin,10209,"(30.331771, -97.656377)",2025-11-02 19:22:22,America/New_York,,M,,,,2,2025-11-02 19:22:22,,
SID-00-000-210-470,GA,1,2,2,Harper Patel,Harper,,Patel,user210@example-mock.org,555-0310,,,,Atlanta,10210,"(33.631811, -84.463531)",2026-06-12 14:28:51,America/New_York,,F,,,,0,2026-06-12 14:28:51,,
SID-00-000-211-477,VA,1,2,2,Ethan Krishnan,Ethan,,Krishnan,user211@example-mock.org,555-0311,,,,Richmond,10211,"(37.468322, -77.432797)",2025-11-01 00:52:05,America/New_York,,F,,,,5,2025-11-01 00:52:05,,
SID-00-000-212-484,FL,1,1,2,John Ali,John,,Ali,user212@example-mock.org,555-0312,,,,Orlando,10212,"(28.49179, -81.521831)",2026-01-20 16:03:01,America/New_York,,F,,,,2,2026-01-20 16:03:01,,
SID-00-000-213-491,PA,1,2,1,John Walker,John,,Walker,user213@example-mock.org,555-0313,,,,Philadelphia,10213,"(39.958934, -75.21071)",2025-08-23 08:23:51,America/New_York,,Other,,,,0,2025-08-23 08:23:51,,
SID-00-000-214-498,VA,1,1,2,David Nair,David,,Nair,user214@example-mock.org,555-0314,,,,Arlington,10214,"(38.925991, -77.037858)",2026-04-21 01:42:40,America/New_York,,Other,,,,3,2026-04-21 01:42:40,,
SID-00-000-215-505,PA,1,1,2,David Gupta,David,,Gupta,user215@example-mock.org,555-0315,,,,Philadelphia,10215,"(40.041927, -75.126272)",2025-09-27 05:39:28,America/New_York,,Other,,,,3,2025-09-27 05:39:28,,
SID-00-000-216-512,OH,1,1,2,Victor Lopez,Victor,,Lopez,user216@example-mock.org,555-0316,,,,Columbus,10216,"(40.022621, -83.087065)",2025-11-20 10:37:44,America/New_York,,F,,,,1,2025-11-20 10:37:44,,
SID-00-000-217-519,PA,1,2,3,Ethan Gupta,Ethan,,Gupta,user217@example-mock.org,555-0317,,,,Philadelphia,10217,"(39.881306, -75.056409)",2026-03-23 06:39:34,America/New_York,,M,,,,2,2026-03-23 06:39:34,,
SID-00-000-218-526,NY,1,1,2,Victor Ali,Victor,,Ali,user218@example-mock.org,555-0318,,,,Buffalo,10218,"(42.921609, -78.784279)",2025-05-22 14:17:49,America/New_York,,M,,,,1,2025-05-22 14:17:49,,
SID-00-000-219-533,TX,1,2,2,Ethan Johnson,Ethan,,Johnson,user219@example-mock.org,555-0319,,,,Austin,10219,"(30.172113, -97.685069)",2026-01-20 05:38:22,America/New_York,,M,,,,3,2026-01-20 05:38:22,,
SID-00-000-220-540,GA,1,2,1,Aisha Lee,Aisha,,Lee,user220@example-mock.org,555-0320,,,,Atlanta,10220,"(33.765474, -84.391107)",2026-03-28 07:20:41,America/New_York,,F,,,,1,2026-03-28 07:20:41,,
SID-00-000-221-547,CA,1,2,2,Fatima Ahmed,Fatima,,Ahmed,user221@example-mock.org,555-0321,,,,Sacramento,10221,"(38.720749, -121.492769)",2025-09-15 05:49:39,America/New_York,,M,,,,0,2025-09-15 05:49:39,,
SID-00-000-222-554,FL,1,2,3,Rohan Brown,Rohan,,Brown,user222@example-mock.org,555-0322,,,,Orlando,10222,"(28.627064, -81.463041)",2026-05-03 14:29:53,America/New_York,,Other,,,,3,2026-05-03 14:29:53,,
SID-00-000-223-561,GA,1,2,3,Maya Patel,Maya,,Patel,user223@example-mock.org,555-0323,,,,Atlanta,10223,"(33.770814, -84.457633)",2025-12-07 14:26:21,America/New_York,,M,,,,3,2025-12-07 14:26:21,,
SID-00-000-224-568,MD,1,1,1,Noah Brown,Noah,,Brown,user224@example-mock.org,555-0324,,,,Baltimore,10224,"(39.229713, -76.462406)",2026-03-05 20:05:29,America/New_York,,Other,,,,4,2026-03-05 20:05:29,,
SID-00-000-225-575,NY,1,2,3,Emily Chen,Emily,,Chen,user225@example-mock.org,555-0325,,,,Buffalo,10225,"(42.786194, -78.98663)",2025-07-19 03:05:08,America/New_York,,Other,,,,1,2025-07-19 03:05:08,,
SID-00-000-226-582,NY,1,1,2,Ethan Roy,Ethan,,Roy,user226@example-mock.org,555-0326,,,,Buffalo,10226,"(42.8232, -78.948197)",2025-06-30 06:23:29,America/New_York,,Other,,,,1,2025-06-30 06:23:29,,
SID-00-000-227-589,NC,1,2,3,Carlos Roy,Carlos,,Roy,user227@example-mock.org,555-0327,,,,Charlotte,10227,"(35.120973, -80.896471)",2026-02-02 01:44:42,America/New_York,,F,,,,3,2026-02-02 01:44:42,,
SID-00-000-228-596,PA,1,2,2,Maria Johnson,Maria,,Johnson,user228@example-mock.org,555-0328,,,,Philadelphia,10228,"(39.992688, -75.051162)",2025-12-19 11:03:15,America/New_York,,F,,,,4,2025-12-19 11:03:15,,
SID-00-000-229-603,VA,1,2,1,Harper Iyer,Harper,,Iyer,user229@example-mock.org,555-0329,,,,Richmond,10229,"(37.60998, -77.448465)",2026-03-12 09:13:48,America/New_York,,F,,,,1,2026-03-12 09:13:48,,
SID-00-000-230-610,PA,1,2,3,Maya Scott,Maya,,Scott,user230@example-mock.org,555-0330,,,,Pittsburgh,10230,"(40.38746, -80.060822)",2026-07-10 01:32:13,America/New_York,,M,,,,0,2026-07-10 01:32:13,,
SID-00-000-231-617,MD,1,1,3,David Walker,David,,Walker,user231@example-mock.org,555-0331,,,,Annapolis,10231,"(38.833284, -76.36337)",2026-01-08 19:56:56,America/New_York,,F,,,,1,2026-01-08 19:56:56,,
SID-00-000-232-624,TX,1,2,3,Neha Roy,Neha,,Roy,user232@example-mock.org,555-0332,,,,Austin,10232,"(30.313576, -97.817983)",2025-05-17 14:33:02,America/New_York,,F,,,,5,2025-05-17 14:33:02,,
SID-00-000-233-631,CA,1,1,3,Priya Chen,Priya,,Chen,user233@example-mock.org,555-0333,,,,Sacramento,10233,"(38.628246, -121.433291)",2025-12-20 10:45:43,America/New_York,,Other,,,,3,2025-12-20 10:45:43,,
SID-00-000-234-638,VA,1,2,1,Zara Iyer,Zara,,Iyer,user234@example-mock.org,555-0334,,,,Richmond,10234,"(37.599379, -77.340867)",2026-06-13 14:19:01,America/New_York,,Other,,,,0,2026-06-13 14:19:01,,
SID-00-000-235-645,MD,1,1,3,Liam Khan,Liam,,Khan,user235@example-mock.org,555-0335,,,,Annapolis,10235,"(38.938669, -76.552423)",2025-09-25 11:07:32,America/New_York,,Other,,,,1,2025-09-25 11:07:32,,
SID-00-000-236-652,PA,1,1,1,Aisha Ahmed,Aisha,,Ahmed,user236@example-mock.org,555-0336,,,,Pittsburgh,10236,"(40.50733, -79.957476)",2025-11-02 12:01:52,America/New_York,,M,,,,0,2025-11-02 12:01:52,,
SID-00-000-237-659,FL,1,2,3,Aisha Martinez,Aisha,,Martinez,user237@example-mock.org,555-0337,,,,Tampa,10237,"(27.906061, -82.478383)",2026-03-31 20:23:39,America/New_York,,M,,,,5,2026-03-31 20:23:39,,
SID-00-000-238-666,TX,1,2,2,Nina Johnson,Nina,,Johnson,user238@example-mock.org,555-0338,,,,Austin,10238,"(30.272525, -97.740243)",2026-03-20 20:27:02,America/New_York,,M,,,,1,2026-03-20 20:27:02,,
SID-00-000-239-673,PA,1,2,2,Neha Wilson,Neha,,Wilson,user239@example-mock.org,555-0339,,,,Philadelphia,10239,"(39.961086, -75.021891)",2026-07-08 22:00:31,America/New_York,,Other,,,,5,2026-07-08 22:00:31,,
SID-00-000-240-680,NC,1,1,1,Priya Scott,Priya,,Scott,user240@example-mock.org,555-0340,,,,Raleigh,10240,"(35.915936, -78.55709)",2026-07-21 20:25:35,America/New_York,,F,,,,4,2026-07-21 20:25:35,,
SID-00-000-241-687,TX,1,1,2,Omar Krishnan,Omar,,Krishnan,user241@example-mock.org,555-0341,,,,Dallas,10241,"(32.753773, -96.826317)",2025-11-19 20:21:14,America/New_York,,M,,,,4,2025-11-19 20:21:14,,
SID-00-000-242-694,CA,1,2,3,Omar Gupta,Omar,,Gupta,user242@example-mock.org,555-0342,,,,San Jose,10242,"(37.349117, -121.919081)",2025-09-05 22:20:27,America/New_York,,M,,,,0,2025-09-05 22:20:27,,
SID-00-000-243-701,CA,1,1,1,Chloe Menon,Chloe,,Menon,user243@example-mock.org,555-0343,,,,San Jose,10243,"(37.465588, -122.001504)",2026-08-11 00:11:07,America/New_York,,M,,,,5,2026-08-11 00:11:07,,
SID-00-000-244-708,NC,1,1,3,Ethan Anderson,Ethan,,Anderson,user244@example-mock.org,555-0344,,,,Charlotte,10244,"(35.12625, -80.707195)",2025-07-18 10:21:48,America/New_York,,F,,,,5,2025-07-18 10:21:48,,
SID-00-000-245-715,MD,1,2,2,Ethan Lopez,Ethan,,Lopez,user245@example-mock.org,555-0345,,,,Baltimore,10245,"(39.240903, -76.633403)",2026-04-25 12:55:10,America/New_York,,Other,,,,2,2026-04-25 12:55:10,,
SID-00-000-246-722,VA,1,1,1,David Brown,David,,Brown,user246@example-mock.org,555-0346,,,,Roanoke,10246,"(37.378808, -80.041336)",2025-08-15 11:40:15,America/New_York,,Other,,,,4,2025-08-15 11:40:15,,
SID-00-000-247-729,VA,1,1,1,Rohan Sheikh,Rohan,,Sheikh,user247@example-mock.org,555-0347,,,,Richmond,10247,"(37.648307, -77.582314)",2026-03-13 07:52:05,America/New_York,,Other,,,,5,2026-03-13 07:52:05,,
SID-00-000-248-736,OH,1,1,3,Nina Wilson,Nina,,Wilson,user248@example-mock.org,555-0348,,,,Columbus,10248,"(39.907741, -83.023923)",2026-04-19 03:45:36,America/New_York,,Other,,,,0,2026-04-19 03:45:36,,
SID-00-000-249-743,NC,1,2,2,Liam Lopez,Liam,,Lopez,user249@example-mock.org,555-0349,,,,Charlotte,10249,"(35.318401, -80.698676)",2025-06-21 15:51:28,America/New_York,,M,,,,4,2025-06-21 15:51:28,,
SID-00-000-250-750,PA,1,2,1,Ahmed Nair,Ahmed,,Nair,user250@example-mock.org,555-0350,,,,Philadelphia,10250,"(39.913276, -75.227721)",2025-10-17 09:45:23,America/New_York,,Other,,,,4,2025-10-17 09:45:23,,
SID-00-000-251-757,CA,1,1,2,Carlos Krishnan,Carlos,,Krishnan,user251@example-mock.org,555-0351,,,,San Jose,10251,"(37.190113, -121.913289)",2026-03-20 11:04:42,America/New_York,,M,,,,5,2026-03-20 11:04:42,,
SID-00-000-252-764,OH,1,2,1,Carlos Ahmed,Carlos,,Ahmed,user252@example-mock.org,555-0352,,,,Cleveland,10252,"(41.380485, -81.685456)",2025-12-13 14:06:18,America/New_York,,M,,,,1,2025-12-13 14:06:18,,
SID-00-000-253-771,GA,1,2,1,Nina Lopez,Nina,,Lopez,user253@example-mock.org,555-0353,,,,Savannah,10253,"(32.141154, -81.129452)",2025-11-08 21:24:15,America/New_York,,Other,,,,4,2025-11-08 21:24:15,,
SID-00-000-254-778,VA,1,2,2,Ahmed Brown,Ahmed,,Brown,user254@example-mock.org,555-0354,,,,Roanoke,10254,"(37.319733, -80.052188)",2025-07-07 13:23:36,America/New_York,,F,,,,2,2025-07-07 13:23:36,,
SID-00-000-255-785,CA,1,2,2,Ibrahim Smith,Ibrahim,,Smith,user255@example-mock.org,555-0355,,,,San Jose,10255,"(37.471266, -121.995466)",2026-06-04 07:46:16,America/New_York,,F,,,,0,2026-06-04 07:46:16,,
SID-00-000-256-792,GA,1,2,3,Ahmed Walker,Ahmed,,Walker,user256@example-mock.org,555-0356,,,,Savannah,10256,"(32.22029, -81.178909)",2026-04-05 23:17:25,America/New_York,,Other,,,,4,2026-04-05 23:17:25,,
SID-00-000-257-799,VA,1,1,3,Maria Iyer,Maria,,Iyer,user257@example-mock.org,555-0357,,,,Norfolk,10257,"(36.951577, -76.337562)",2026-04-24 18:52:35,America/New_York,,F,,,,2,2026-04-24 18:52:35,,
SID-00-000-258-806,NC,1,1,1,Maya Nair,Maya,,Nair,user258@example-mock.org,555-0358,,,,Charlotte,10258,"(35.362729, -80.73672)",2025-11-12 13:01:16,America/New_York,,M,,,,0,2025-11-12 13:01:16,,
SID-00-000-259-813,VA,1,2,1,Neha Roy,Neha,,Roy,user259@example-mock.org,555-0359,,,,Norfolk,10259,"(36.740015, -76.188798)",2025-10-02 07:23:48,America/New_York,,M,,,,0,2025-10-02 07:23:48,,
SID-00-000-260-820,CA,1,2,3,Daniel Smith,Daniel,,Smith,user260@example-mock.org,555-0360,,,,Sacramento,10260,"(38.67439, -121.616806)",2026-07-28 11:42:31,America/New_York,,F,,,,3,2026-07-28 11:42:31,,
SID-00-000-261-827,VA,1,1,3,Emily Lee,Emily,,Lee,user261@example-mock.org,555-0361,,,,Roanoke,10261,"(37.325964, -80.039558)",2026-04-13 04:06:49,America/New_York,,Other,,,,4,2026-04-13 04:06:49,,
SID-00-000-262-834,CA,1,2,1,Fatima Singh,Fatima,,Singh,user262@example-mock.org,555-0362,,,,Sacramento,10262,"(38.581267, -121.379566)",2026-07-16 04:06:38,America/New_York,,Other,,,,4,2026-07-16 04:06:38,,
SID-00-000-263-841,CA,1,2,2,Neha Sheikh,Neha,,Sheikh,user263@example-mock.org,555-0363,,,,San Jose,10263,"(37.485021, -121.801725)",2025-11-24 01:34:15,America/New_York,,F,,,,1,2025-11-24 01:34:15,,
SID-00-000-264-848,VA,1,1,1,Sophia Singh,Sophia,,Singh,user264@example-mock.org,555-0364,,,,Arlington,10264,"(38.910735, -77.232209)",2025-07-15 18:05:52,America/New_York,,M,,,,1,2025-07-15 18:05:52,,
SID-00-000-265-855,CA,1,2,1,Nina Singh,Nina,,Singh,user265@example-mock.org,555-0365,,,,Sacramento,10265,"(38.591707, -121.407029)",2025-08-09 09:54:46,America/New_York,,M,,,,1,2025-08-09 09:54:46,,
SID-00-000-266-862,FL,1,1,3,Ibrahim Kapoor,Ibrahim,,Kapoor,user266@example-mock.org,555-0366,,,,Tampa,10266,"(28.042463, -82.397912)",2025-09-09 20:43:43,America/New_York,,M,,,,3,2025-09-09 20:43:43,,
SID-00-000-267-869,GA,1,2,1,Rohan Martinez,Rohan,,Martinez,user267@example-mock.org,555-0367,,,,Savannah,10267,"(31.983567, -81.229811)",2025-10-13 13:53:27,America/New_York,,F,,,,4,2025-10-13 13:53:27,,
SID-00-000-268-876,CA,1,1,1,Daniel Singh,Daniel,,Singh,user268@example-mock.org,555-0368,,,,San Jose,10268,"(37.290428, -121.983062)",2026-08-24 17:18:08,America/New_York,,Other,,,,2,2026-08-24 17:18:08,,
SID-00-000-269-883,MD,1,1,3,Ibrahim Smith,Ibrahim,,Smith,user269@example-mock.org,555-0369,,,,Annapolis,10269,"(39.039761, -76.443558)",2026-03-08 04:54:40,America/New_York,,F,,,,5,2026-03-08 04:54:40,,
SID-00-000-270-890,PA,1,1,2,Victor Menon,Victor,,Menon,user270@example-mock.org,555-0370,,,,Pittsburgh,10270,"(40.342861, -79.855277)",2025-07-18 23:54:57,America/New_York,,F,,,,5,2025-07-18 23:54:57,,
SID-00-000-271-897,TX,1,2,3,Victor Scott,Victor,,Scott,user271@example-mock.org,555-0371,,,,Austin,10271,"(30.170512, -97.892561)",2026-01-30 15:35:09,America/New_York,,M,,,,5,2026-01-30 15:35:09,,
SID-00-000-272-904,FL,1,1,3,Nina Lopez,Nina,,Lopez,user272@example-mock.org,555-0372,,,,Orlando,10272,"(28.669306, -81.487007)",2026-04-28 07:33:05,America/New_York,,Other,,,,5,2026-04-28 07:33:05,,
SID-00-000-273-911,NY,1,1,1,Victor Lopez,Victor,,Lopez,user273@example-mock.org,555-0373,,,,Buffalo,10273,"(42.739819, -78.965495)",2026-03-16 02:16:08,America/New_York,,F,,,,3,2026-03-16 02:16:08,,
SID-00-000-274-918,OH,1,1,1,Liam Patel,Liam,,Patel,user274@example-mock.org,555-0374,,,,Columbus,10274,"(40.076566, -83.000875)",2025-11-14 18:35:25,America/New_York,,F,,,,0,2025-11-14 18:35:25,,
SID-00-000-275-925,VA,1,1,3,John Lopez,John,,Lopez,user275@example-mock.org,555-0375,,,,Arlington,10275,"(38.737623, -77.162662)",2026-03-23 08:07:04,America/New_York,,M,,,,4,2026-03-23 08:07:04,,
SID-00-000-276-932,MD,1,2,1,Fatima Iyer,Fatima,,Iyer,user276@example-mock.org,555-0376,,,,Annapolis,10276,"(39.006609, -76.458107)",2026-08-22 10:37:42,America/New_York,,M,,,,0,2026-08-22 10:37:42,,
SID-00-000-277-939,NY,1,2,2,Maya Nair,Maya,,Nair,user277@example-mock.org,555-0377,,,,Albany,10277,"(42.79492, -73.783416)",2025-08-18 06:35:23,America/New_York,,M,,,,0,2025-08-18 06:35:23,,
SID-00-000-278-946,VA,1,2,3,Aisha Singh,Aisha,,Singh,user278@example-mock.org,555-0378,,,,Roanoke,10278,"(37.292531, -79.839444)",2026-02-26 16:03:48,America/New_York,,Other,,,,4,2026-02-26 16:03:48,,
SID-00-000-279-953,PA,1,2,2,Omar Ali,Omar,,Ali,user279@example-mock.org,555-0379,,,,Philadelphia,10279,"(39.831696, -75.253114)",2026-08-03 10:09:59,America/New_York,,F,,,,3,2026-08-03 10:09:59,,
SID-00-000-280-960,TX,1,2,2,Neha Johnson,Neha,,Johnson,user280@example-mock.org,555-0380,,,,Austin,10280,"(30.30976, -97.776842)",2026-02-22 21:43:03,America/New_York,,F,,,,2,2026-02-22 21:43:03,,
SID-00-000-281-967,CA,1,2,3,Victor Roy,Victor,,Roy,user281@example-mock.org,555-0381,,,,Sacramento,10281,"(38.600874, -121.599061)",2026-07-20 04:02:41,America/New_York,,M,,,,4,2026-07-20 04:02:41,,
SID-00-000-282-974,VA,1,2,2,Maya Roy,Maya,,Roy,user282@example-mock.org,555-0382,,,,Roanoke,10282,"(37.366522, -79.96581)",2025-06-18 14:12:44,America/New_York,,M,,,,3,2025-06-18 14:12:44,,
SID-00-000-283-981,VA,1,2,1,David Lee,David,,Lee,user283@example-mock.org,555-0383,,,,Norfolk,10283,"(36.736885, -76.208743)",2026-05-04 21:56:28,America/New_York,,Other,,,,3,2026-05-04 21:56:28,,
SID-00-000-284-988,CA,1,2,2,Nina Lopez,Nina,,Lopez,user284@example-mock.org,555-0384,,,,San Jose,10284,"(37.438432, -121.958934)",2026-07-21 16:03:16,America/New_York,,Other,,,,3,2026-07-21 16:03:16,,
SID-00-000-285-995,VA,1,1,2,Ibrahim Scott,Ibrahim,,Scott,user285@example-mock.org,555-0385,,,,Roanoke,10285,"(37.154756, -80.046507)",2025-11-20 20:34:21,America/New_York,,Other,,,,2,2025-11-20 20:34:21,,
SID-00-000-286-002,OH,1,1,3,Chloe Sheikh,Chloe,,Sheikh,user286@example-mock.org,555-0386,,,,Cleveland,10286,"(41.464213, -81.698725)",2026-08-06 08:11:38,America/New_York,,Other,,,,5,2026-08-06 08:11:38,,
SID-00-000-287-009,OH,1,2,1,Victor Martinez,Victor,,Martinez,user287@example-mock.org,555-0387,,,,Columbus,10287,"(39.929938, -82.885113)",2026-08-21 15:13:35,America/New_York,,F,,,,2,2026-08-21 15:13:35,,
SID-00-000-288-016,TX,1,2,2,Harper Smith,Harper,,Smith,user288@example-mock.org,555-0388,,,,Dallas,10288,"(32.879554, -96.68953)",2025-06-03 07:13:26,America/New_York,,F,,,,5,2025-06-03 07:13:26,,
SID-00-000-289-023,OH,1,1,3,Zara Nair,Zara,,Nair,user289@example-mock.org,555-0389,,,,Columbus,10289,"(39.867581, -83.085383)",2026-01-08 19:43:46,America/New_York,,M,,,,0,2026-01-08 19:43:46,,
SID-00-000-290-030,TX,1,1,1,Ibrahim Kapoor,Ibrahim,,Kapoor,user290@example-mock.org,555-0390,,,,Dallas,10290,"(32.667395, -96.691611)",2026-06-18 02:56:33,America/New_York,,M,,,,3,2026-06-18 02:56:33,,
SID-00-000-291-037,VA,1,1,1,Noah Anderson,Noah,,Anderson,user291@example-mock.org,555-0391,,,,Arlington,10291,"(38.94299, -77.158807)",2026-02-24 16:03:32,America/New_York,,F,,,,3,2026-02-24 16:03:32,,
SID-00-000-292-044,FL,1,1,2,Ibrahim Krishnan,Ibrahim,,Krishnan,user292@example-mock.org,555-0392,,,,Tampa,10292,"(27.853875, -82.346056)",2026-02-24 10:27:29,America/New_York,,M,,,,3,2026-02-24 10:27:29,,
SID-00-000-293-051,VA,1,2,3,Emily Martinez,Emily,,Martinez,user293@example-mock.org,555-0393,,,,Norfolk,10293,"(36.956946, -76.201951)",2025-10-11 04:07:13,America/New_York,,F,,,,4,2025-10-11 04:07:13,,
SID-00-000-294-058,VA,1,2,3,David Menon,David,,Menon,user294@example-mock.org,555-0394,,,,Richmond,10294,"(37.532929, -77.546306)",2025-07-09 22:13:57,America/New_York,,Other,,,,5,2025-07-09 22:13:57,,
SID-00-000-295-065,TX,1,2,3,Noah Brown,Noah,,Brown,user295@example-mock.org,555-0395,,,,Dallas,10295,"(32.895345, -96.691524)",2026-05-08 03:54:59,America/New_York,,M,,,,0,2026-05-08 03:54:59,,
SID-00-000-296-072,GA,1,2,2,Ahmed Ali,Ahmed,,Ali,user296@example-mock.org,555-0396,,,,Savannah,10296,"(32.099337, -81.063068)",2025-09-15 19:51:37,America/New_York,,Other,,,,2,2025-09-15 19:51:37,,
SID-00-000-297-079,TX,1,1,3,Omar Ali,Omar,,Ali,user297@example-mock.org,555-0397,,,,Dallas,10297,"(32.823536, -96.661344)",2026-05-29 02:22:59,America/New_York,,F,,,,5,2026-05-29 02:22:59,,
SID-00-000-298-086,NY,1,1,3,Ahmed Brown,Ahmed,,Brown,user298@example-mock.org,555-0398,,,,Albany,10298,"(42.718985, -73.70958)",2025-05-22 17:09:50,America/New_York,,Other,,,,4,2025-05-22 17:09:50,,
SID-00-000-299-093,CA,1,2,3,Maya Gupta,Maya,,Gupta,user299@example-mock.org,555-0399,,,,Sacramento,10299,"(38.649565, -121.577691)",2025-08-11 04:14:43,America/New_York,,F,,,,1,2025-08-11 04:14:43,,
SID-00-000-300-100,GA,1,2,3,Nina Brown,Nina,,Brown,user300@example-mock.org,555-0400,,,,Atlanta,10300,"(33.687135, -84.396766)",2025-09-04 15:16:41,America/New_York,,M,,,,1,2025-09-04 15:16:41,,
SID-00-000-301-107,NY,1,1,2,Daniel Patel,Daniel,,Patel,user301@example-mock.org,555-0401,,,,Albany,10301,"(42.725863, -73.814074)",2026-04-16 01:14:39,America/New_York,,M,,,,5,2026-04-16 01:14:39,,
SID-00-000-302-114,FL,1,1,1,John Roy,John,,Roy,user302@example-mock.org,555-0402,,,,Orlando,10302,"(28.529966, -81.470837)",2026-02-12 22:12:54,America/New_York,,M,,,,1,2026-02-12 22:12:54,,
SID-00-000-303-121,NY,1,2,2,Noah Khan,Noah,,Khan,user303@example-mock.org,555-0403,,,,Buffalo,10303,"(43.032557, -78.760546)",2026-04-01 22:29:27,America/New_York,,Other,,,,1,2026-04-01 22:29:27,,
SID-00-000-304-128,NY,1,1,3,David Scott,David,,Scott,user304@example-mock.org,555-0404,,,,Albany,10304,"(42.504014, -73.824142)",2025-08-05 21:41:34,America/New_York,,F,,,,5,2025-08-05 21:41:34,,
SID-00-000-305-135,OH,1,1,2,Priya Singh,Priya,,Singh,user305@example-mock.org,555-0405,,,,Cleveland,10305,"(41.478008, -81.70118)",2025-12-10 08:11:05,America/New_York,,Other,,,,1,2025-12-10 08:11:05,,
SID-00-000-306-142,VA,1,2,1,Victor Patel,Victor,,Patel,user306@example-mock.org,555-0406,,,,Richmond,10306,"(37.578706, -77.511353)",2026-03-14 06:37:07,America/New_York,,M,,,,0,2026-03-14 06:37:07,,
SID-00-000-307-149,TX,1,2,1,Ethan Wilson,Ethan,,Wilson,user307@example-mock.org,555-0407,,,,Dallas,10307,"(32.763478, -96.790913)",2026-01-17 09:47:44,America/New_York,,M,,,,3,2026-01-17 09:47:44,,
SID-00-000-308-156,VA,1,1,2,Emily Nair,Emily,,Nair,user308@example-mock.org,555-0408,,,,Norfolk,10308,"(36.768096, -76.140436)",2026-08-22 16:23:40,America/New_York,,Other,,,,5,2026-08-22 16:23:40,,
SID-00-000-309-163,VA,1,1,3,Maya Menon,Maya,,Menon,user309@example-mock.org,555-0409,,,,Roanoke,10309,"(37.383963, -80.014663)",2026-07-26 08:32:54,America/New_York,,M,,,,0,2026-07-26 08:32:54,,
SID-00-000-310-170,MD,1,1,2,Sophia Sheikh,Sophia,,Sheikh,user310@example-mock.org,555-0410,,,,Annapolis,10310,"(38.961694, -76.605121)",2025-08-29 17:29:58,America/New_York,,F,,,,5,2025-08-29 17:29:58,,
SID-00-000-311-177,MD,1,1,1,Zara Smith,Zara,,Smith,user311@example-mock.org,555-0411,,,,Annapolis,10311,"(39.015239, -76.431982)",2025-12-02 21:24:50,America/New_York,,F,,,,1,2025-12-02 21:24:50,,
SID-00-000-312-184,FL,1,1,3,Emily Patel,Emily,,Patel,user312@example-mock.org,555-0412,,,,Orlando,10312,"(28.621688, -81.27975)",2025-08-31 09:50:35,America/New_York,,F,,,,1,2025-08-31 09:50:35,,
SID-00-000-313-191,PA,1,1,1,Maria Smith,Maria,,Smith,user313@example-mock.org,555-0413,,,,Pittsburgh,10313,"(40.360952, -80.142075)",2025-07-08 01:49:43,America/New_York,,Other,,,,0,2025-07-08 01:49:43,,
SID-00-000-314-198,MD,1,1,2,Ahmed Brown,Ahmed,,Brown,user314@example-mock.org,555-0414,,,,Annapolis,10314,"(39.021701, -76.505175)",2025-12-25 20:44:52,America/New_York,,F,,,,5,2025-12-25 20:44:52,,
SID-00-000-315-205,NY,1,1,2,Rohan Kapoor,Rohan,,Kapoor,user315@example-mock.org,555-0415,,,,Buffalo,10315,"(42.957962, -78.9999)",2025-06-28 14:57:47,America/New_York,,F,,,,3,2025-06-28 14:57:47,,
SID-00-000-316-212,FL,1,2,2,Daniel Lee,Daniel,,Lee,user316@example-mock.org,555-0416,,,,Tampa,10316,"(28.064143, -82.579315)",2026-07-02 18:30:58,America/New_York,,Other,,,,3,2026-07-02 18:30:58,,
SID-00-000-317-219,OH,1,2,3,Rohan Lee,Rohan,,Lee,user317@example-mock.org,555-0417,,,,Columbus,10317,"(39.845117, -82.939949)",2026-07-24 23:04:17,America/New_York,,Other,,,,3,2026-07-24 23:04:17,,
SID-00-000-318-226,NC,1,1,2,Harper Nair,Harper,,Nair,user318@example-mock.org,555-0418,,,,Raleigh,10318,"(35.863349, -78.604792)",2025-06-02 09:40:53,America/New_York,,F,,,,0,2025-06-02 09:40:53,,
SID-00-000-319-233,MD,1,1,3,Harper Anderson,Harper,,Anderson,user319@example-mock.org,555-0419,,,,Annapolis,10319,"(39.024892, -76.638492)",2025-08-14 04:55:10,America/New_York,,F,,,,4,2025-08-14 04:55:10,,
SID-00-000-320-240,GA,1,1,1,Fatima Patel,Fatima,,Patel,user320@example-mock.org,555-0420,,,,Atlanta,10320,"(33.728854, -84.320004)",2025-09-24 17:16:38,America/New_York,,Other,,,,1,2025-09-24 17:16:38,,
SID-00-000-321-247,GA,1,1,3,Maria Sheikh,Maria,,Sheikh,user321@example-mock.org,555-0421,,,,Savannah,10321,"(32.186461, -80.980375)",2026-03-16 06:41:42,America/New_York,,M,,,,4,2026-03-16 06:41:42,,
SID-00-000-322-254,OH,1,2,2,Noah Scott,Noah,,Scott,user322@example-mock.org,555-0422,,,,Cleveland,10322,"(41.594431, -81.820751)",2026-01-27 08:07:44,America/New_York,,M,,,,3,2026-01-27 08:07:44,,
SID-00-000-323-261,VA,1,2,3,Maya Kapoor,Maya,,Kapoor,user323@example-mock.org,555-0423,,,,Richmond,10323,"(37.511732, -77.57525)",2025-07-16 12:14:01,America/New_York,,Other,,,,1,2025-07-16 12:14:01,,
SID-00-000-324-268,PA,1,2,3,Carlos Walker,Carlos,,Walker,user324@example-mock.org,555-0424,,,,Pittsburgh,10324,"(40.399603, -80.129617)",2026-03-26 05:19:08,America/New_York,,Other,,,,2,2026-03-26 05:19:08,,
SID-00-000-325-275,PA,1,2,3,Priya Wilson,Priya,,Wilson,user325@example-mock.org,555-0425,,,,Philadelphia,10325,"(39.831831, -75.117527)",2026-03-14 21:59:43,America/New_York,,M,,,,0,2026-03-14 21:59:43,,
SID-00-000-326-282,NC,1,1,1,Nina Ahmed,Nina,,Ahmed,user326@example-mock.org,555-0426,,,,Raleigh,10326,"(35.671735, -78.573143)",2026-07-13 05:10:58,America/New_York,,F,,,,1,2026-07-13 05:10:58,,
SID-00-000-327-289,PA,1,2,3,Zara Singh,Zara,,Singh,user327@example-mock.org,555-0427,,,,Philadelphia,10327,"(40.017636, -75.28287)",2025-10-01 01:21:44,America/New_York,,Other,,,,4,2025-10-01 01:21:44,,
SID-00-000-328-296,NC,1,1,3,Maya Ahmed,Maya,,Ahmed,user328@example-mock.org,555-0428,,,,Raleigh,10328,"(35.630901, -78.567336)",2025-06-30 03:13:40,America/New_York,,Other,,,,1,2025-06-30 03:13:40,,
SID-00-000-329-303,NC,1,1,2,Daniel Anderson,Daniel,,Anderson,user329@example-mock.org,555-0429,,,,Charlotte,10329,"(35.193322, -80.812936)",2025-06-05 22:55:46,America/New_York,,F,,,,2,2025-06-05 22:55:46,,
SID-00-000-330-310,TX,1,2,3,Chloe Iyer,Chloe,,Iyer,user330@example-mock.org,555-0430,,,,Dallas,10330,"(32.868139, -96.905546)",2025-05-31 06:34:35,America/New_York,,Other,,,,4,2025-05-31 06:34:35,,
SID-00-000-331-317,CA,1,1,3,Harper Patel,Harper,,Patel,user331@example-mock.org,555-0431,,,,San Jose,10331,"(37.251114, -121.821985)",2025-09-29 14:45:17,America/New_York,,Other,,,,5,2025-09-29 14:45:17,,
SID-00-000-332-324,NY,1,2,2,Ibrahim Scott,Ibrahim,,Scott,user332@example-mock.org,555-0432,,,,Albany,10332,"(42.730833, -73.737516)",2025-10-02 04:07:27,America/New_York,,M,,,,4,2025-10-02 04:07:27,,
SID-00-000-333-331,MD,1,2,1,Rohan Chen,Rohan,,Chen,user333@example-mock.org,555-0433,,,,Baltimore,10333,"(39.254661, -76.746281)",2026-04-12 16:47:02,America/New_York,,M,,,,5,2026-04-12 16:47:02,,
SID-00-000-334-338,TX,1,2,1,Noah Smith,Noah,,Smith,user334@example-mock.org,555-0434,,,,Austin,10334,"(30.343278, -97.883408)",2025-11-02 17:22:55,America/New_York,,Other,,,,5,2025-11-02 17:22:55,,
SID-00-000-335-345,TX,1,2,1,Harper Wilson,Harper,,Wilson,user335@example-mock.org,555-0435,,,,Austin,10335,"(30.395145, -97.776834)",2025-11-08 14:52:59,America/New_York,,Other,,,,3,2025-11-08 14:52:59,,
SID-00-000-336-352,CA,1,1,3,Chloe Chen,Chloe,,Chen,user336@example-mock.org,555-0436,,,,Sacramento,10336,"(38.658132, -121.480415)",2025-07-25 10:58:10,America/New_York,,M,,,,1,2025-07-25 10:58:10,,
SID-00-000-337-359,NC,1,1,2,Maya Brown,Maya,,Brown,user337@example-mock.org,555-0437,,,,Charlotte,10337,"(35.190259, -80.864548)",2026-06-30 03:47:01,America/New_York,,F,,,,5,2026-06-30 03:47:01,,
SID-00-000-338-366,NC,1,2,1,Rohan Gupta,Rohan,,Gupta,user338@example-mock.org,555-0438,,,,Charlotte,10338,"(35.123211, -80.896311)",2025-10-21 18:53:20,America/New_York,,Other,,,,2,2025-10-21 18:53:20,,
SID-00-000-339-373,GA,1,1,2,Ethan Lee,Ethan,,Lee,user339@example-mock.org,555-0439,,,,Atlanta,10339,"(33.886096, -84.381818)",2026-02-03 21:41:50,America/New_York,,M,,,,1,2026-02-03 21:41:50,,
SID-00-000-340-380,NY,1,1,1,Chloe Anderson,Chloe,,Anderson,user340@example-mock.org,555-0440,,,,Buffalo,10340,"(42.844639, -78.962866)",2026-01-13 06:21:43,America/New_York,,Other,,,,2,2026-01-13 06:21:43,,
SID-00-000-341-387,PA,1,2,2,Chloe Martinez,Chloe,,Martinez,user341@example-mock.org,555-0441,,,,Philadelphia,10341,"(40.073949, -75.13109)",2026-08-09 04:36:33,America/New_York,,Other,,,,5,2026-08-09 04:36:33,,
SID-00-000-342-394,TX,1,1,2,Neha Anderson,Neha,,Anderson,user342@example-mock.org,555-0442,,,,Austin,10342,"(30.390601, -97.646467)",2025-07-16 23:26:48,America/New_York,,Other,,,,1,2025-07-16 23:26:48,,
SID-00-000-343-401,NY,1,1,3,Maya Krishnan,Maya,,Krishnan,user343@example-mock.org,555-0443,,,,Albany,10343,"(42.787064, -73.855982)",2026-08-16 18:45:01,America/New_York,,F,,,,0,2026-08-16 18:45:01,,
SID-00-000-344-408,CA,1,2,1,Nina Roy,Nina,,Roy,user344@example-mock.org,555-0444,,,,Sacramento,10344,"(38.625568, -121.362475)",2026-06-14 12:47:21,America/New_York,,M,,,,0,2026-06-14 12:47:21,,
SID-00-000-345-415,VA,1,2,3,Ibrahim Martinez,Ibrahim,,Martinez,user345@example-mock.org,555-0445,,,,Norfolk,10345,"(36.939064, -76.268475)",2025-05-21 11:20:29,America/New_York,,F,,,,3,2025-05-21 11:20:29,,
SID-00-000-346-422,NY,1,1,3,Priya Gupta,Priya,,Gupta,user346@example-mock.org,555-0446,,,,Albany,10346,"(42.619451, -73.870708)",2025-08-17 11:26:16,America/New_York,,M,,,,2,2025-08-17 11:26:16,,
SID-00-000-347-429,GA,1,1,2,Chloe Lopez,Chloe,,Lopez,user347@example-mock.org,555-0447,,,,Atlanta,10347,"(33.685951, -84.332236)",2026-04-07 17:51:35,America/New_York,,M,,,,4,2026-04-07 17:51:35,,
SID-00-000-348-436,CA,1,2,1,Maya Ali,Maya,,Ali,user348@example-mock.org,555-0448,,,,San Jose,10348,"(37.412226, -121.797269)",2025-10-06 16:10:12,America/New_York,,Other,,,,4,2025-10-06 16:10:12,,
SID-00-000-349-443,NC,1,2,1,Liam Krishnan,Liam,,Krishnan,user349@example-mock.org,555-0449,,,,Charlotte,10349,"(35.089632, -80.821284)",2025-11-18 23:01:25,America/New_York,,F,,,,5,2025-11-18 23:01:25,,
SID-00-000-350-450,GA,1,1,3,Sophia Chen,Sophia,,Chen,user350@example-mock.org,555-0450,,,,Atlanta,10350,"(33.647286, -84.471764)",2026-07-11 14:31:38,America/New_York,,F,,,,5,2026-07-11 14:31:38,,
SID-00-000-351-457,GA,1,2,1,John Chen,John,,Chen,user351@example-mock.org,555-0451,,,,Atlanta,10351,"(33.686196, -84.517791)",2025-08-26 21:03:47,America/New_York,,Other,,,,5,2025-08-26 21:03:47,,
SID-00-000-352-464,CA,1,2,3,Emily Wilson,Emily,,Wilson,user352@example-mock.org,555-0452,,,,San Jose,10352,"(37.273741, -122.015357)",2025-12-23 01:19:55,America/New_York,,Other,,,,1,2025-12-23 01:19:55,,
SID-00-000-353-471,FL,1,2,2,David Kapoor,David,,Kapoor,user353@example-mock.org,555-0453,,,,Tampa,10353,"(28.04291, -82.319602)",2026-04-04 05:53:14,America/New_York,,F,,,,1,2026-04-04 05:53:14,,
SID-00-000-354-478,NY,1,1,2,Ahmed Sheikh,Ahmed,,Sheikh,user354@example-mock.org,555-0454,,,,Buffalo,10354,"(42.875255, -78.920778)",2025-11-13 13:53:12,America/New_York,,M,,,,4,2025-11-13 13:53:12,,
SID-00-000-355-485,CA,1,1,3,Nina Lopez,Nina,,Lopez,user355@example-mock.org,555-0455,,,,Sacramento,10355,"(38.651663, -121.456414)",2025-06-14 06:36:09,America/New_York,,Other,,,,3,2025-06-14 06:36:09,,
SID-00-000-356-492,FL,1,2,2,Maya Krishnan,Maya,,Krishnan,user356@example-mock.org,555-0456,,,,Orlando,10356,"(28.660191, -81.363722)",2026-01-12 17:43:57,America/New_York,,M,,,,4,2026-01-12 17:43:57,,
SID-00-000-357-499,TX,1,1,3,Liam Patel,Liam,,Patel,user357@example-mock.org,555-0457,,,,Austin,10357,"(30.25661, -97.739976)",2025-12-23 21:18:36,America/New_York,,M,,,,3,2025-12-23 21:18:36,,
SID-00-000-358-506,NC,1,1,2,Aisha Nair,Aisha,,Nair,user358@example-mock.org,555-0458,,,,Charlotte,10358,"(35.247007, -80.823356)",2025-08-19 08:31:41,America/New_York,,M,,,,0,2025-08-19 08:31:41,,
SID-00-000-359-513,TX,1,1,1,Ethan Patel,Ethan,,Patel,user359@example-mock.org,555-0459,,,,Dallas,10359,"(32.696906, -96.746424)",2026-03-01 21:01:29,America/New_York,,Other,,,,2,2026-03-01 21:01:29,,
SID-00-000-360-520,MD,1,2,3,Maya Scott,Maya,,Scott,user360@example-mock.org,555-0460,,,,Annapolis,10360,"(39.078862, -76.563205)",2026-06-09 15:38:17,America/New_York,,Other,,,,0,2026-06-09 15:38:17,,
SID-00-000-361-527,GA,1,1,3,Ethan Johnson,Ethan,,Johnson,user361@example-mock.org,555-0461,,,,Savannah,10361,"(32.043799, -80.969027)",2026-03-05 17:29:12,America/New_York,,M,,,,3,2026-03-05 17:29:12,,
SID-00-000-362-534,NC,1,1,3,Emily Khan,Emily,,Khan,user362@example-mock.org,555-0462,,,,Charlotte,10362,"(35.100226, -80.800057)",2026-05-25 14:39:13,America/New_York,,M,,,,3,2026-05-25 14:39:13,,
SID-00-000-363-541,NY,1,1,1,Emily Scott,Emily,,Scott,user363@example-mock.org,555-0463,,,,Albany,10363,"(42.647055, -73.762556)",2026-06-23 02:29:25,America/New_York,,M,,,,1,2026-06-23 02:29:25,,
SID-00-000-364-548,FL,1,2,3,Ibrahim Khan,Ibrahim,,Khan,user364@example-mock.org,555-0464,,,,Orlando,10364,"(28.428717, -81.375407)",2026-07-28 00:58:50,America/New_York,,Other,,,,5,2026-07-28 00:58:50,,
SID-00-000-365-555,VA,1,2,3,Chloe Sheikh,Chloe,,Sheikh,user365@example-mock.org,555-0465,,,,Arlington,10365,"(39.015776, -77.176022)",2025-06-04 14:27:41,America/New_York,,M,,,,4,2025-06-04 14:27:41,,
SID-00-000-366-562,NC,1,2,1,Noah Menon,Noah,,Menon,user366@example-mock.org,555-0466,,,,Raleigh,10366,"(35.679917, -78.582523)",2025-10-26 04:25:51,America/New_York,,M,,,,0,2025-10-26 04:25:51,,
SID-00-000-367-569,CA,1,1,1,David Sheikh,David,,Sheikh,user367@example-mock.org,555-0467,,,,Sacramento,10367,"(38.679554, -121.462747)",2025-06-01 13:18:24,America/New_York,,F,,,,5,2025-06-01 13:18:24,,
SID-00-000-368-576,NC,1,2,1,Omar Ahmed,Omar,,Ahmed,user368@example-mock.org,555-0468,,,,Charlotte,10368,"(35.346191, -80.760639)",2025-12-04 06:14:27,America/New_York,,F,,,,3,2025-12-04 06:14:27,,
SID-00-000-369-583,NY,1,2,2,Carlos Lopez,Carlos,,Lopez,user369@example-mock.org,555-0469,,,,Albany,10369,"(42.630247, -73.829845)",2026-04-23 04:42:27,America/New_York,,M,,,,0,2026-04-23 04:42:27,,
SID-00-000-370-590,VA,1,1,1,Emily Iyer,Emily,,Iyer,user370@example-mock.org,555-0470,,,,Richmond,10370,"(37.546629, -77.473491)",2025-07-15 12:25:33,America/New_York,,F,,,,5,2025-07-15 12:25:33,,
SID-00-000-371-597,FL,1,1,2,Ibrahim Patel,Ibrahim,,Patel,user371@example-mock.org,555-0471,,,,Tampa,10371,"(27.878991, -82.446369)",2025-10-29 11:57:26,America/New_York,,Other,,,,4,2025-10-29 11:57:26,,
SID-00-000-372-604,PA,1,2,3,Sophia Ali,Sophia,,Ali,user372@example-mock.org,555-0472,,,,Philadelphia,10372,"(39.913664, -75.148727)",2025-11-20 00:27:43,America/New_York,,M,,,,5,2025-11-20 00:27:43,,
SID-00-000-373-611,MD,1,1,1,David Smith,David,,Smith,user373@example-mock.org,555-0473,,,,Baltimore,10373,"(39.274378, -76.552407)",2026-05-12 18:25:57,America/New_York,,F,,,,5,2026-05-12 18:25:57,,
SID-00-000-374-618,VA,1,2,1,Chloe Ahmed,Chloe,,Ahmed,user374@example-mock.org,555-0474,,,,Richmond,10374,"(37.637677, -77.444499)",2026-07-10 23:15:27,America/New_York,,Other,,,,0,2026-07-10 23:15:27,,
SID-00-000-375-625,OH,1,2,1,Victor Menon,Victor,,Menon,user375@example-mock.org,555-0475,,,,Cleveland,10375,"(41.53349, -81.688098)",2026-08-08 11:18:21,America/New_York,,M,,,,5,2026-08-08 11:18:21,,
SID-00-000-376-632,GA,1,1,2,Ethan Anderson,Ethan,,Anderson,user376@example-mock.org,555-0476,,,,Savannah,10376,"(31.989324, -81.006012)",2025-09-13 03:21:33,America/New_York,,M,,,,5,2025-09-13 03:21:33,,
SID-00-000-377-639,VA,1,1,3,Liam Patel,Liam,,Patel,user377@example-mock.org,555-0477,,,,Norfolk,10377,"(36.726853, -76.353119)",2025-09-21 22:18:40,America/New_York,,M,,,,5,2025-09-21 22:18:40,,
SID-00-000-378-646,MD,1,1,3,Maya Scott,Maya,,Scott,user378@example-mock.org,555-0478,,,,Baltimore,10378,"(39.305278, -76.544358)",2026-03-18 10:34:32,America/New_York,,M,,,,3,2026-03-18 10:34:32,,
SID-00-000-379-653,OH,1,1,3,John Krishnan,John,,Krishnan,user379@example-mock.org,555-0479,,,,Columbus,10379,"(39.889532, -83.02666)",2026-07-20 18:14:39,America/New_York,,F,,,,4,2026-07-20 18:14:39,,
SID-00-000-380-660,FL,1,2,3,Ibrahim Sheikh,Ibrahim,,Sheikh,user380@example-mock.org,555-0480,,,,Tampa,10380,"(28.008858, -82.317383)",2025-08-12 08:46:54,America/New_York,,F,,,,4,2025-08-12 08:46:54,,
SID-00-000-381-667,VA,1,2,2,Omar Martinez,Omar,,Martinez,user381@example-mock.org,555-0481,,,,Roanoke,10381,"(37.15588, -80.071134)",2025-09-30 08:17:45,America/New_York,,Other,,,,4,2025-09-30 08:17:45,,
SID-00-000-382-674,VA,1,1,2,Harper Nair,Harper,,Nair,user382@example-mock.org,555-0482,,,,Arlington,10382,"(38.806077, -77.213097)",2025-06-25 19:22:33,America/New_York,,F,,,,2,2025-06-25 19:22:33,,
SID-00-000-383-681,CA,1,1,2,Emily Sheikh,Emily,,Sheikh,user383@example-mock.org,555-0483,,,,Sacramento,10383,"(38.486435, -121.420553)",2025-08-12 20:11:38,America/New_York,,M,,,,1,2025-08-12 20:11:38,,
SID-00-000-384-688,CA,1,1,2,John Smith,John,,Smith,user384@example-mock.org,555-0484,,,,San Jose,10384,"(37.4391, -121.929492)",2026-07-27 07:51:42,America/New_York,,F,,,,4,2026-07-27 07:51:42,,
SID-00-000-385-695,NY,1,2,2,Ibrahim Brown,Ibrahim,,Brown,user385@example-mock.org,555-0485,,,,Buffalo,10385,"(43.005836, -78.764104)",2026-01-02 12:34:57,America/New_York,,M,,,,4,2026-01-02 12:34:57,,
SID-00-000-386-702,NC,1,1,2,Maya Singh,Maya,,Singh,user386@example-mock.org,555-0486,,,,Charlotte,10386,"(35.234821, -80.866147)",2025-12-15 23:34:07,America/New_York,,M,,,,5,2025-12-15 23:34:07,,
SID-00-000-387-709,GA,1,2,3,Harper Chen,Harper,,Chen,user387@example-mock.org,555-0487,,,,Savannah,10387,"(32.025595, -81.238674)",2026-02-07 21:04:41,America/New_York,,F,,,,1,2026-02-07 21:04:41,,
SID-00-000-388-716,GA,1,1,2,Chloe Wilson,Chloe,,Wilson,user388@example-mock.org,555-0488,,,,Savannah,10388,"(32.002042, -81.099796)",2026-02-26 09:37:13,America/New_York,,Other,,,,2,2026-02-26 09:37:13,,
SID-00-000-389-723,NY,1,2,1,Aisha Scott,Aisha,,Scott,user389@example-mock.org,555-0489,,,,Buffalo,10389,"(42.820289, -78.974433)",2025-09-26 01:14:46,America/New_York,,Other,,,,3,2025-09-26 01:14:46,,
SID-00-000-390-730,OH,1,2,1,Aisha Sheikh,Aisha,,Sheikh,user390@example-mock.org,555-0490,,,,Columbus,10390,"(39.854953, -82.861056)",2025-07-06 03:16:44,America/New_York,,Other,,,,4,2025-07-06 03:16:44,,
SID-00-000-391-737,GA,1,1,1,Maya Scott,Maya,,Scott,user391@example-mock.org,555-0491,,,,Savannah,10391,"(32.1665, -81.15119)",2026-07-28 02:25:47,America/New_York,,M,,,,2,2026-07-28 02:25:47,,
SID-00-000-392-744,PA,1,2,1,Neha Patel,Neha,,Patel,user392@example-mock.org,555-0492,,,,Philadelphia,10392,"(39.937556, -75.214803)",2025-12-03 18:13:19,America/New_York,,F,,,,0,2025-12-03 18:13:19,,
SID-00-000-393-751,NY,1,2,3,Maya Lee,Maya,,Lee,user393@example-mock.org,555-0493,,,,Albany,10393,"(42.675656, -73.71124)",2025-07-25 10:17:12,America/New_York,,F,,,,0,2025-07-25 10:17:12,,
SID-00-000-394-758,OH,1,2,1,David Gupta,David,,Gupta,user394@example-mock.org,555-0494,,,,Cleveland,10394,"(41.488426, -81.557422)",2025-07-13 22:12:30,America/New_York,,M,,,,1,2025-07-13 22:12:30,,
SID-00-000-395-765,NY,1,2,2,Victor Brown,Victor,,Brown,user395@example-mock.org,555-0495,,,,Albany,10395,"(42.596645, -73.710296)",2025-10-24 21:23:42,America/New_York,,Other,,,,4,2025-10-24 21:23:42,,
SID-00-000-396-772,GA,1,1,1,Priya Khan,Priya,,Khan,user396@example-mock.org,555-0496,,,,Savannah,10396,"(32.055097, -81.186034)",2025-08-31 06:28:01,America/New_York,,M,,,,3,2025-08-31 06:28:01,,
SID-00-000-397-779,MD,1,1,2,Maya Singh,Maya,,Singh,user397@example-mock.org,555-0497,,,,Baltimore,10397,"(39.159538, -76.498593)",2026-08-20 06:22:45,America/New_York,,Other,,,,1,2026-08-20 06:22:45,,
SID-00-000-398-786,MD,1,1,1,Ahmed Walker,Ahmed,,Walker,user398@example-mock.org,555-0498,,,,Annapolis,10398,"(38.921211, -76.567981)",2025-10-05 10:31:37,America/New_York,,M,,,,5,2025-10-05 10:31:37,,
SID-00-000-399-793,NY,1,1,3,Maya Brown,Maya,,Brown,user399@example-mock.org,555-0499,,,,Buffalo,10399,"(42.995672, -78.888242)",2025-11-15 04:07:14,America/New_York,,Other,,,,3,2025-11-15 04:07:14,,
SID-00-000-400-800,FL,1,2,2,Ahmed Patel,Ahmed,,Patel,user400@example-mock.org,555-0500,,,,Tampa,10400,"(27.957638, -82.415342)",2025-12-21 11:34:23,America/New_York,,F,,,,3,2025-12-21 11:34:23,,
