user_id,terms_and_conditions,terms_accepted_at,govt_id_path1,govt_id_path2,path1_updated_at,path2_updated_at,availability_days,availability_times,created_at,last_updated_at
SID-00-000-000-000-000-020,True,2026-07-12 22:04:03,/mock/ids/SID-00-000-000-000-000-020_front.png,/mock/ids/SID-00-000-000-000-000-020_back.png,2026-07-12 22:04:03,2026-07-12 22:04:03,"[""Monday"",""Wednesday"",""Friday""]","[""Morning"",""Evening""]",2026-07-12 22:04:03,2026-08-29 22:04:03
SID-00-000-000-000-000-030,True,2026-07-30 22:04:03,/mock/ids/SID-00-000-000-000-000-030_front.png,/mock/ids/SID-00-000-000-000-000-030_back.png,2026-07-30 22:04:03,2026-07-30 22:04:03,"[""Monday"",""Wednesday"",""Friday""]","[""Morning"",""Evening""]",2026-07-30 22:04:03,2026-08-31 22:04:03
SID-00-000-000-000-000-050,True,2026-08-14 22:04:03,/mock/ids/SID-00-000-000-000-000-050_front.png,/mock/ids/SID-00-000-000-000-000-050_back.png,2026-08-14 22:04:03,2026-08-14 22:04:03,"[""Monday"",""Wednesday"",""Friday""]","[""Morning"",""Evening""]",2026-08-14 22:04:03,2026-08-28 22:04:03
SID-00-000-000-000-000-089,True,2026-07-26 22:04:03,/mock/ids/SID-00-000-000-000-000-089_front.png,/mock/ids/SID-00-000-000-000-000-089_back.png,2026-07-26 22:04:03,2026-07-26 22:04:03,"[""Monday"",""Wednesday"",""Friday""]","[""Morning"",""Evening""]",2026-07-26 22:04:03,2026-08-25 22:04:03
SID-00-000-000-000-000-100,True,2026-08-16 22:04:03,/mock/ids/SID-00-000-000-000-000-100_front.png,/mock/ids/SID-00-000-000-000-000-100_back.png,2026-08-16 22:04:03,2026-08-16 22:04:03,"[""Monday"",""Wednesday"",""Friday""]","[""Morning"",""Evening""]",2026-08-16 22:04:03,2026-09-04 22:04:03
SID-00-000-000-000-000-091,True,2026-07-21 22:04:03,/mock/ids/SID-00-000-000-000-000-091_front.png,/mock/ids/SID-00-000-000-000-000-091_back.png,2026-07-21 22:04:03,2026-07-21 22:04:03,"[""Monday"",""Wednesday"",""Friday""]","[""Morning"",""Evening""]",2026-07-21 22:04:03,2026-09-23 22:04:03
SID-00-000-000-000-000-028,True,2026-06-27 22:04:03,/mock/ids/SID-00-000-000-000-000-028_front.png,/mock/ids/SID-00-000-000-000-000-028_back.png,2026-06-27 22:04:03,2026-06-27 22:04:03,"[""Monday"",""Wednesday"",""Friday""]","[""Morning"",""Evening""]",2026-06-27 22:04:03,2026-09-11 22:04:03
SID-00-000-000-000-000-009,True,2026-07-18 22:04:03,/mock/ids/SID-00-000-000-000-000-009_front.png,/mock/ids/SID-00-000-000-000-000-009_back.png,2026-07-18 22:04:03,2026-07-18 22:04:03,"[""Monday"",""Wednesday"",""Friday""]","[""Morning"",""Evening""]",2026-07-18 22:04:03,2026-09-05 22:04:03
SID-00-000-000-000-000-054,True,2026-07-13 22:04:03,/mock/ids/SID-00-000-000-000-000-054_front.png,/mock/ids/SID-00-000-000-000-000-054_back.png,2026-07-13 22:04:03,2026-07-13 22:04:03,"[""Monday"",""Wednesday"",""Friday""]","[""Morning"",""Evening""]",2026-07-13 22:04:03,2026-09-23 22:04:03
SID-00-000-000-000-000-053,True,2026-08-19 22:04:03,/mock/ids/SID-00-000-000-000-000-053_front.png,/mock/ids/SID-00-000-000-000-000-053_back.png,2026-08-19 22:04:03,2026-08-19 22:04:03,"[""Monday"",""Wednesday"",""Friday""]","[""Morning"",""Evening""]",2026-08-19 22:04:03,2026-09-03 22:04:03
SID-00-000-000-000-000-043,True,2026-07-28 22:04:03,/mock/ids/SID-00-000-000-000-000-043_front.png,/mock/ids/SID-00-000-000-000-000-043_back.png,2026-07-28 22:04:03,2026-07-28 22:04:03,"[""Monday"",""Wednesday"",""Friday""]","[""Morning"",""Evening""]",2026-07-28 22:04:03,2026-09-19 22:04:03
SID-00-000-000-000-000-070,True,2026-06-30 22:04:03,/mock/ids/SID-00-000-000-000-000-070_front.png,/mock/ids/SID-00-000-000-000-000-070_back.png,2026-06-30 22:04:03,2026-06-30 22:04:03,"[""Monday"",""Wednesday"",""Friday""]","[""Morning"",""Evening""]",2026-06-30 22:04:03,2026-09-09 22:04:03
SID-00-000-000-000-000-060,True,2026-08-13 22:04:03,/mock/ids/SID-00-000-000-000-000-060_front.png,/mock/ids/SID-00-000-000-000-000-060_back.png,2026-08-13 22:04:03,2026-08-13 22:04:03,"[""Monday"",""Wednesday"",""Friday""]","[""Morning"",""Evening""]",2026-08-13 22:04:03,2026-09-22 22:04:03
SID-00-000-000-000-000-092,True,2026-08-08 22:04:03,/mock/ids/SID-00-000-000-000-000-092_front.png,/mock/ids/SID-00-000-000-000-000-092_back.png,2026-08-08 22:04:03,2026-08-08 22:04:03,"[""Monday"",""Wednesday"",""Friday""]","[""Morning"",""Evening""]",2026-08-08 22:04:03,2026-09-11 22:04:03
SID-00-000-000-000-000-008,True,2026-08-04 22:04:03,/mock/ids/SID-00-000-000-000-000-008_front.png,/mock/ids/SID-00-000-000-000-000-008_back.png,2026-08-04 22:04:03,2026-08-04 22:04:03,"[""Monday"",""Wednesday"",""Friday""]","[""Morning"",""Evening""]",2026-08-04 22:04:03,2026-09-17 22:04:03
SID-00-000-000-000-000-027,True,2026-07-26 22:04:03,/mock/ids/SID-00-000-000-000-000-027_front.png,/mock/ids/SID-00-000-000-000-000-027_back.png,2026-07-26 22:04:03,2026-07-26 22:04:03,"[""Monday"",""Wednesday"",""Friday""]","[""Morning"",""Evening""]",2026-07-26 22:04:03,2026-09-13 22:04:03
SID-00-000-000-000-000-087,True,2026-08-03 22:04:03,/mock/ids/SID-00-000-000-000-000-087_front.png,/mock/ids/SID-00-000-000-000-000-087_back.png,2026-08-03 22:04:03,2026-08-03 22:04:03,"[""Monday"",""Wednesday"",""Friday""]","[""Morning"",""Evening""]",2026-08-03 22:04:03,2026-08-30 22:04:03
SID-00-000-000-000-000-098,True,2026-06-29 22:04:03,/mock/ids/SID-00-000-000-000-000-098_front.png,/mock/ids/SID-00-000-000-000-000-098_back.png,2026-06-29 22:04:03,2026-06-29 22:04:03,"[""Monday"",""Wednesday"",""Friday""]","[""Morning"",""Evening""]",2026-06-29 22:04:03,2026-09-11 22:04:03
SID-00-000-000-000-000-075,True,2026-08-07 22:04:03,/mock/ids/SID-00-000-000-000-000-075_front.png,/mock/ids/SID-00-000-000-000-000-075_back.png,2026-08-07 22:04:03,2026-08-07 22:04:03,"[""Monday"",""Wednesday"",""Friday""]","[""Morning"",""Evening""]",2026-08-07 22:04:03,2026-08-30 22:04:03
SID-00-000-000-000-000-003,True,2026-06-25 22:04:03,/mock/ids/SID-00-000-000-000-000-003_front.png,/mock/ids/SID-00-000-000-000-000-003_back.png,2026-06-25 22:04:03,2026-06-25 22:04:03,"[""Monday"",""Wednesday"",""Friday""]","[""Morning"",""Evening""]",2026-06-25 22:04:03,2026-08-28 22:04:03
SID-00-000-000-000-000-074,True,2026-07-29 22:04:03,/mock/ids/SID-00-000-000-000-000-074_front.png,/mock/ids/SID-00-000-000-000-000-074_back.png,2026-07-29 22:04:03,2026-07-29 22:04:03,"[""Monday"",""Wednesday"",""Friday""]","[""Morning"",""Evening""]",2026-07-29 22:04:03,2026-09-15 22:04:03
SID-00-000-000-000-000-049,True,2026-07-02 22:04:03,/mock/ids/SID-00-000-000-000-000-049_front.png,/mock/ids/SID-00-000-000-000-000-049_back.png,2026-07-02 22:04:03,2026-07-02 22:04:03,"[""Monday"",""Wednesday"",""Friday""]","[""Morning"",""Evening""]",2026-07-02 22:04:03,2026-09-21 22:04:03
SID-00-000-000-000-000-062,True,2026-07-25 22:04:03,/mock/ids/SID-00-000-000-000-000-062_front.png,/mock/ids/SID-00-000-000-000-000-062_back.png,2026-07-25 22:04:03,2026-07-25 22:04:03,"[""Monday"",""Wednesday"",""Friday""]","[""Morning"",""Evening""]",2026-07-25 22:04:03,2026-09-23 22:04:03
SID-00-000-000-000-000-001,True,2026-07-08 22:04:03,/mock/ids/SID-00-000-000-000-000-001_front.png,/mock/ids/SID-00-000-000-000-000-001_back.png,2026-07-08 22:04:03,2026-07-08 22:04:03,"[""Monday"",""Wednesday"",""Friday""]","[""Morning"",""Evening""]",2026-07-08 22:04:03,2026-09-06 22:04:03
SID-00-000-000-000-000-046,True,2026-08-21 22:04:03,/mock/ids/SID-00-000-000-000-000-046_front.png,/mock/ids/SID-00-000-000-000-000-046_back.png,2026-08-21 22:04:03,2026-08-21 22:04:03,"[""Monday"",""Wednesday"",""Friday""]","[""Morning"",""Evening""]",2026-08-21 22:04:03,2026-08-24 22:04:03
SID-00-000-000-000-000-039,True,2026-08-02 22:04:03,/mock/ids/SID-00-000-000-000-000-039_front.png,/mock/ids/SID-00-000-000-000-000-039_back.png,2026-08-02 22:04:03,2026-08-02 22:04:03,"[""Monday"",""Wednesday"",""Friday""]","[""Morning"",""Evening""]",2026-08-02 22:04:03,2026-09-16 22:04:03
SID-00-000-000-000-000-083,True,2026-07-14 22:04:03,/mock/ids/SID-00-000-000-000-000-083_front.png,/mock/ids/SID-00-000-000-000-000-083_back.png,2026-07-14 22:04:03,2026-07-14 22:04:03,"[""Monday"",""Wednesday"",""Friday""]","[""Morning"",""Evening""]",2026-07-14 22:04:03,2026-09-21 22:04:03
SID-00-000-000-000-000-084,True,2026-07-06 22:04:03,/mock/ids/SID-00-000-000-000-000-084_front.png,/mock/ids/SID-00-000-000-000-000-084_back.png,2026-07-06 22:04:03,2026-07-06 22:04:03,"[""Monday"",""Wednesday"",""Friday""]","[""Morning"",""Evening""]",2026-07-06 22:04:03,2026-08-24 22:04:03
SID-00-000-000-000-000-069,True,2026-07-14 22:04:03,/mock/ids/SID-00-000-000-000-000-069_front.png,/mock/ids/SID-00-000-000-000-000-069_back.png,2026-07-14 22:04:03,2026-07-14 22:04:03,"[""Monday"",""Wednesday"",""Friday""]","[""Morning"",""Evening""]",2026-07-14 22:04:03,2026-09-22 22:04:03
SID-00-000-000-000-000-097,True,2026-07-07 22:04:03,/mock/ids/SID-00-000-000-000-000-097_front.png,/mock/ids/SID-00-000-000-000-000-097_back.png,2026-07-07 22:04:03,2026-07-07 22:04:03,"[""Monday"",""Wednesday"",""Friday""]","[""Morning"",""Evening""]",2026-07-07 22:04:03,2026-09-23 22:04:03
SID-00-000-000-000-000-029,True,2026-06-25 22:04:03,/mock/ids/SID-00-000-000-000-000-029_front.png,/mock/ids/SID-00-000-000-000-000-029_back.png,2026-06-25 22:04:03,2026-06-25 22:04:03,"[""Monday"",""Wednesday"",""Friday""]","[""Morning"",""Evening""]",2026-06-25 22:04:03,2026-09-16 22:04:03
SID-00-000-000-000-000-063,True,2026-08-12 22:04:03,/mock/ids/SID-00-000-000-000-000-063_front.png,/mock/ids/SID-00-000-000-000-000-063_back.png,2026-08-12 22:04:03,2026-08-12 22:04:03,"[""Monday"",""Wednesday"",""Friday""]","[""Morning"",""Evening""]",2026-08-12 22:04:03,2026-08-28 22:04:03
SID-00-000-000-000-000-071,True,2026-08-23 22:04:03,/mock/ids/SID-00-000-000-000-000-071_front.png,/mock/ids/SID-00-000-000-000-000-071_back.png,2026-08-23 22:04:03,2026-08-23 22:04:03,"[""Monday"",""Wednesday"",""Friday""]","[""Morning"",""Evening""]",2026-08-23 22:04:03,2026-09-04 22:04:03
SID-00-000-000-000-000-035,True,2026-08-15 22:04:03,/mock/ids/SID-00-000-000-000-000-035_front.png,/mock/ids/SID-00-000-000-000-000-035_back.png,2026-08-15 22:04:03,2026-08-15 22:04:03,"[""Monday"",""Wednesday"",""Friday""]","[""Morning"",""Evening""]",2026-08-15 22:04:03,2026-09-16 22:04:03
SID-00-000-000-000-000-056,True,2026-08-16 22:04:03,/mock/ids/SID-00-000-000-000-000-056_front.png,/mock/ids/SID-00-000-000-000-000-056_back.png,2026-08-16 22:04:03,2026-08-16 22:04:03,"[""Monday"",""Wednesday"",""Friday""]","[""Morning"",""Evening""]",2026-08-16 22:04:03,2026-09-08 22:04:03
SID-00-000-000-000-000-072,True,2026-07-13 22:04:03,/mock/ids/SID-00-000-000-000-000-072_front.png,/mock/ids/SID-00-000-000-000-000-072_back.png,2026-07-13 22:04:03,2026-07-13 22:04:03,"[""Monday"",""Wednesday"",""Friday""]","[""Morning"",""Evening""]",2026-07-13 22:04:03,2026-09-20 22:04:03
SID-00-000-000-000-000-004,True,2026-07-19 22:04:03,/mock/ids/SID-00-000-000-000-000-004_front.png,/mock/ids/SID-00-000-000-000-000-004_back.png,2026-07-19 22:04:03,2026-07-19 22:04:03,"[""Monday"",""Wednesday"",""Friday""]","[""Morning"",""Evening""]",2026-07-19 22:04:03,2026-08-24 22:04:03
SID-00-000-000-000-000-025,True,2026-08-11 22:04:03,/mock/ids/SID-00-000-000-000-000-025_front.png,/mock/ids/SID-00-000-000-000-000-025_back.png,2026-08-11 22:04:03,2026-08-11 22:04:03,"[""Monday"",""Wednesday"",""Friday""]","[""Morning"",""Evening""]",2026-08-11 22:04:03,2026-09-09 22:04:03
SID-00-000-000-000-000-022,True,2026-07-11 22:04:03,/mock/ids/SID-00-000-000-000-000-022_front.png,/mock/ids/SID-00-000-000-000-000-022_back.png,2026-07-11 22:04:03,2026-07-11 22:04:03,"[""Monday"",""Wednesday"",""Friday""]","[""Morning"",""Evening""]",2026-07-11 22:04:03,2026-09-15 22:04:03
SID-00-000-000-000-000-090,True,2026-07-06 22:04:03,/mock/ids/SID-00-000-000-000-000-090_front.png,/mock/ids/SID-00-000-000-000-000-090_back.png,2026-07-06 22:04:03,2026-07-06 22:04:03,"[""Monday"",""Wednesday"",""Friday""]","[""Morning"",""Evening""]",2026-07-06 22:04:03,2026-09-12 22:04:03
